FFFFFFFFFFFFFFFFFFFFFFFFFFFFFFFFFFFFFFFFFFFFFFFFFFFFFFFFFFFFFFFFFFFFFFFF [ 29%]
FFFFFFFFFFFFFFFFFFFFFFFFFFFFFFFFFFFFFFFFFFFFFFFFFFFFFFFFFFFFFFFFFFFFFFFF [ 58%]
FFFFFFFFFFFFFFFFFFFFFFFFFFFFFFFFFFFFFFFFFFFFFFFFFFFFFFFFFFFFFFFFFFFFFFFF [ 87%]
FFFFFFFFFFFFFFFFFFFFFFFFFFFFFF                                           [100%]
=================================== FAILURES ===================================
_____________ test_constructor_observe_does_not_consume_reset_seed _____________

    def test_constructor_observe_does_not_consume_reset_seed() -> None:
>       env = make_env(2)
              ^^^^^^^^^^^

tests/kaggriculture/test_native_env.py:55: 
_ _ _ _ _ _ _ _ _ _ _ _ _ _ _ _ _ _ _ _ _ _ _ _ _ _ _ _ _ _ _ _ _ _ _ _ _ _ _ _ 

n_envs = 2, seed = 11, stride = 2, config = '{}', threads = 1

    def make_env(n_envs: int = 1, seed: int = 11, stride: int = 2,
                 config: str = "{}", threads: int = 1) -> rs.KaggricultureEnv:
>       return rs.KaggricultureEnv(n_envs, seed, stride, config, REWARD, threads, hire_limit=241)
               ^^^^^^^^^^^^^^^^^^^
E       AttributeError: module 'owl.rs' has no attribute 'KaggricultureEnv'

tests/kaggriculture/test_native_env.py:47: AttributeError
______ test_every_destination_rejected_before_any_write[shape-tile_kind] _______

name = 'tile_kind', kind = 'shape'

    @pytest.mark.parametrize("name", DESTINATIONS)
    @pytest.mark.parametrize("kind", ["shape", "dtype", "readonly", "stride", "fortran", "unaligned", "overlap"])
    def test_every_destination_rejected_before_any_write(name: str, kind: str) -> None:
>       env = make_env(2)
              ^^^^^^^^^^^

tests/kaggriculture/test_native_env.py:75: 
_ _ _ _ _ _ _ _ _ _ _ _ _ _ _ _ _ _ _ _ _ _ _ _ _ _ _ _ _ _ _ _ _ _ _ _ _ _ _ _ 

n_envs = 2, seed = 11, stride = 2, config = '{}', threads = 1

    def make_env(n_envs: int = 1, seed: int = 11, stride: int = 2,
                 config: str = "{}", threads: int = 1) -> rs.KaggricultureEnv:
>       return rs.KaggricultureEnv(n_envs, seed, stride, config, REWARD, threads, hire_limit=241)
               ^^^^^^^^^^^^^^^^^^^
E       AttributeError: module 'owl.rs' has no attribute 'KaggricultureEnv'

tests/kaggriculture/test_native_env.py:47: AttributeError
______ test_every_destination_rejected_before_any_write[shape-tile_crop] _______

name = 'tile_crop', kind = 'shape'

    @pytest.mark.parametrize("name", DESTINATIONS)
    @pytest.mark.parametrize("kind", ["shape", "dtype", "readonly", "stride", "fortran", "unaligned", "overlap"])
    def test_every_destination_rejected_before_any_write(name: str, kind: str) -> None:
>       env = make_env(2)
              ^^^^^^^^^^^

tests/kaggriculture/test_native_env.py:75: 
_ _ _ _ _ _ _ _ _ _ _ _ _ _ _ _ _ _ _ _ _ _ _ _ _ _ _ _ _ _ _ _ _ _ _ _ _ _ _ _ 

n_envs = 2, seed = 11, stride = 2, config = '{}', threads = 1

    def make_env(n_envs: int = 1, seed: int = 11, stride: int = 2,
                 config: str = "{}", threads: int = 1) -> rs.KaggricultureEnv:
>       return rs.KaggricultureEnv(n_envs, seed, stride, config, REWARD, threads, hire_limit=241)
               ^^^^^^^^^^^^^^^^^^^
E       AttributeError: module 'owl.rs' has no attribute 'KaggricultureEnv'

tests/kaggriculture/test_native_env.py:47: AttributeError
_____ test_every_destination_rejected_before_any_write[shape-tile_animal] ______

name = 'tile_animal', kind = 'shape'

    @pytest.mark.parametrize("name", DESTINATIONS)
    @pytest.mark.parametrize("kind", ["shape", "dtype", "readonly", "stride", "fortran", "unaligned", "overlap"])
    def test_every_destination_rejected_before_any_write(name: str, kind: str) -> None:
>       env = make_env(2)
              ^^^^^^^^^^^

tests/kaggriculture/test_native_env.py:75: 
_ _ _ _ _ _ _ _ _ _ _ _ _ _ _ _ _ _ _ _ _ _ _ _ _ _ _ _ _ _ _ _ _ _ _ _ _ _ _ _ 

n_envs = 2, seed = 11, stride = 2, config = '{}', threads = 1

    def make_env(n_envs: int = 1, seed: int = 11, stride: int = 2,
                 config: str = "{}", threads: int = 1) -> rs.KaggricultureEnv:
>       return rs.KaggricultureEnv(n_envs, seed, stride, config, REWARD, threads, hire_limit=241)
               ^^^^^^^^^^^^^^^^^^^
E       AttributeError: module 'owl.rs' has no attribute 'KaggricultureEnv'

tests/kaggriculture/test_native_env.py:47: AttributeError
______ test_every_destination_rejected_before_any_write[shape-tile_cell] _______

name = 'tile_cell', kind = 'shape'

    @pytest.mark.parametrize("name", DESTINATIONS)
    @pytest.mark.parametrize("kind", ["shape", "dtype", "readonly", "stride", "fortran", "unaligned", "overlap"])
    def test_every_destination_rejected_before_any_write(name: str, kind: str) -> None:
>       env = make_env(2)
              ^^^^^^^^^^^

tests/kaggriculture/test_native_env.py:75: 
_ _ _ _ _ _ _ _ _ _ _ _ _ _ _ _ _ _ _ _ _ _ _ _ _ _ _ _ _ _ _ _ _ _ _ _ _ _ _ _ 

n_envs = 2, seed = 11, stride = 2, config = '{}', threads = 1

    def make_env(n_envs: int = 1, seed: int = 11, stride: int = 2,
                 config: str = "{}", threads: int = 1) -> rs.KaggricultureEnv:
>       return rs.KaggricultureEnv(n_envs, seed, stride, config, REWARD, threads, hire_limit=241)
               ^^^^^^^^^^^^^^^^^^^
E       AttributeError: module 'owl.rs' has no attribute 'KaggricultureEnv'

tests/kaggriculture/test_native_env.py:47: AttributeError
______ test_every_destination_rejected_before_any_write[shape-tile_role] _______

name = 'tile_role', kind = 'shape'

    @pytest.mark.parametrize("name", DESTINATIONS)
    @pytest.mark.parametrize("kind", ["shape", "dtype", "readonly", "stride", "fortran", "unaligned", "overlap"])
    def test_every_destination_rejected_before_any_write(name: str, kind: str) -> None:
>       env = make_env(2)
              ^^^^^^^^^^^

tests/kaggriculture/test_native_env.py:75: 
_ _ _ _ _ _ _ _ _ _ _ _ _ _ _ _ _ _ _ _ _ _ _ _ _ _ _ _ _ _ _ _ _ _ _ _ _ _ _ _ 

n_envs = 2, seed = 11, stride = 2, config = '{}', threads = 1

    def make_env(n_envs: int = 1, seed: int = 11, stride: int = 2,
                 config: str = "{}", threads: int = 1) -> rs.KaggricultureEnv:
>       return rs.KaggricultureEnv(n_envs, seed, stride, config, REWARD, threads, hire_limit=241)
               ^^^^^^^^^^^^^^^^^^^
E       AttributeError: module 'owl.rs' has no attribute 'KaggricultureEnv'

tests/kaggriculture/test_native_env.py:47: AttributeError
______ test_every_destination_rejected_before_any_write[shape-tiles_int] _______

name = 'tiles_int', kind = 'shape'

    @pytest.mark.parametrize("name", DESTINATIONS)
    @pytest.mark.parametrize("kind", ["shape", "dtype", "readonly", "stride", "fortran", "unaligned", "overlap"])
    def test_every_destination_rejected_before_any_write(name: str, kind: str) -> None:
>       env = make_env(2)
              ^^^^^^^^^^^

tests/kaggriculture/test_native_env.py:75: 
_ _ _ _ _ _ _ _ _ _ _ _ _ _ _ _ _ _ _ _ _ _ _ _ _ _ _ _ _ _ _ _ _ _ _ _ _ _ _ _ 

n_envs = 2, seed = 11, stride = 2, config = '{}', threads = 1

    def make_env(n_envs: int = 1, seed: int = 11, stride: int = 2,
                 config: str = "{}", threads: int = 1) -> rs.KaggricultureEnv:
>       return rs.KaggricultureEnv(n_envs, seed, stride, config, REWARD, threads, hire_limit=241)
               ^^^^^^^^^^^^^^^^^^^
E       AttributeError: module 'owl.rs' has no attribute 'KaggricultureEnv'

tests/kaggriculture/test_native_env.py:47: AttributeError
_____ test_every_destination_rejected_before_any_write[shape-tiles_float] ______

name = 'tiles_float', kind = 'shape'

    @pytest.mark.parametrize("name", DESTINATIONS)
    @pytest.mark.parametrize("kind", ["shape", "dtype", "readonly", "stride", "fortran", "unaligned", "overlap"])
    def test_every_destination_rejected_before_any_write(name: str, kind: str) -> None:
>       env = make_env(2)
              ^^^^^^^^^^^

tests/kaggriculture/test_native_env.py:75: 
_ _ _ _ _ _ _ _ _ _ _ _ _ _ _ _ _ _ _ _ _ _ _ _ _ _ _ _ _ _ _ _ _ _ _ _ _ _ _ _ 

n_envs = 2, seed = 11, stride = 2, config = '{}', threads = 1

    def make_env(n_envs: int = 1, seed: int = 11, stride: int = 2,
                 config: str = "{}", threads: int = 1) -> rs.KaggricultureEnv:
>       return rs.KaggricultureEnv(n_envs, seed, stride, config, REWARD, threads, hire_limit=241)
               ^^^^^^^^^^^^^^^^^^^
E       AttributeError: module 'owl.rs' has no attribute 'KaggricultureEnv'

tests/kaggriculture/test_native_env.py:47: AttributeError
______ test_every_destination_rejected_before_any_write[shape-actor_slot] ______

name = 'actor_slot', kind = 'shape'

    @pytest.mark.parametrize("name", DESTINATIONS)
    @pytest.mark.parametrize("kind", ["shape", "dtype", "readonly", "stride", "fortran", "unaligned", "overlap"])
    def test_every_destination_rejected_before_any_write(name: str, kind: str) -> None:
>       env = make_env(2)
              ^^^^^^^^^^^

tests/kaggriculture/test_native_env.py:75: 
_ _ _ _ _ _ _ _ _ _ _ _ _ _ _ _ _ _ _ _ _ _ _ _ _ _ _ _ _ _ _ _ _ _ _ _ _ _ _ _ 

n_envs = 2, seed = 11, stride = 2, config = '{}', threads = 1

    def make_env(n_envs: int = 1, seed: int = 11, stride: int = 2,
                 config: str = "{}", threads: int = 1) -> rs.KaggricultureEnv:
>       return rs.KaggricultureEnv(n_envs, seed, stride, config, REWARD, threads, hire_limit=241)
               ^^^^^^^^^^^^^^^^^^^
E       AttributeError: module 'owl.rs' has no attribute 'KaggricultureEnv'

tests/kaggriculture/test_native_env.py:47: AttributeError
______ test_every_destination_rejected_before_any_write[shape-actor_cell] ______

name = 'actor_cell', kind = 'shape'

    @pytest.mark.parametrize("name", DESTINATIONS)
    @pytest.mark.parametrize("kind", ["shape", "dtype", "readonly", "stride", "fortran", "unaligned", "overlap"])
    def test_every_destination_rejected_before_any_write(name: str, kind: str) -> None:
>       env = make_env(2)
              ^^^^^^^^^^^

tests/kaggriculture/test_native_env.py:75: 
_ _ _ _ _ _ _ _ _ _ _ _ _ _ _ _ _ _ _ _ _ _ _ _ _ _ _ _ _ _ _ _ _ _ _ _ _ _ _ _ 

n_envs = 2, seed = 11, stride = 2, config = '{}', threads = 1

    def make_env(n_envs: int = 1, seed: int = 11, stride: int = 2,
                 config: str = "{}", threads: int = 1) -> rs.KaggricultureEnv:
>       return rs.KaggricultureEnv(n_envs, seed, stride, config, REWARD, threads, hire_limit=241)
               ^^^^^^^^^^^^^^^^^^^
E       AttributeError: module 'owl.rs' has no attribute 'KaggricultureEnv'

tests/kaggriculture/test_native_env.py:47: AttributeError
______ test_every_destination_rejected_before_any_write[shape-actor_role] ______

name = 'actor_role', kind = 'shape'

    @pytest.mark.parametrize("name", DESTINATIONS)
    @pytest.mark.parametrize("kind", ["shape", "dtype", "readonly", "stride", "fortran", "unaligned", "overlap"])
    def test_every_destination_rejected_before_any_write(name: str, kind: str) -> None:
>       env = make_env(2)
              ^^^^^^^^^^^

tests/kaggriculture/test_native_env.py:75: 
_ _ _ _ _ _ _ _ _ _ _ _ _ _ _ _ _ _ _ _ _ _ _ _ _ _ _ _ _ _ _ _ _ _ _ _ _ _ _ _ 

n_envs = 2, seed = 11, stride = 2, config = '{}', threads = 1

    def make_env(n_envs: int = 1, seed: int = 11, stride: int = 2,
                 config: str = "{}", threads: int = 1) -> rs.KaggricultureEnv:
>       return rs.KaggricultureEnv(n_envs, seed, stride, config, REWARD, threads, hire_limit=241)
               ^^^^^^^^^^^^^^^^^^^
E       AttributeError: module 'owl.rs' has no attribute 'KaggricultureEnv'

tests/kaggriculture/test_native_env.py:47: AttributeError
______ test_every_destination_rejected_before_any_write[shape-actor_mask] ______

name = 'actor_mask', kind = 'shape'

    @pytest.mark.parametrize("name", DESTINATIONS)
    @pytest.mark.parametrize("kind", ["shape", "dtype", "readonly", "stride", "fortran", "unaligned", "overlap"])
    def test_every_destination_rejected_before_any_write(name: str, kind: str) -> None:
>       env = make_env(2)
              ^^^^^^^^^^^

tests/kaggriculture/test_native_env.py:75: 
_ _ _ _ _ _ _ _ _ _ _ _ _ _ _ _ _ _ _ _ _ _ _ _ _ _ _ _ _ _ _ _ _ _ _ _ _ _ _ _ 

n_envs = 2, seed = 11, stride = 2, config = '{}', threads = 1

    def make_env(n_envs: int = 1, seed: int = 11, stride: int = 2,
                 config: str = "{}", threads: int = 1) -> rs.KaggricultureEnv:
>       return rs.KaggricultureEnv(n_envs, seed, stride, config, REWARD, threads, hire_limit=241)
               ^^^^^^^^^^^^^^^^^^^
E       AttributeError: module 'owl.rs' has no attribute 'KaggricultureEnv'

tests/kaggriculture/test_native_env.py:47: AttributeError
___ test_every_destination_rejected_before_any_write[shape-actor_inventory] ____

name = 'actor_inventory', kind = 'shape'

    @pytest.mark.parametrize("name", DESTINATIONS)
    @pytest.mark.parametrize("kind", ["shape", "dtype", "readonly", "stride", "fortran", "unaligned", "overlap"])
    def test_every_destination_rejected_before_any_write(name: str, kind: str) -> None:
>       env = make_env(2)
              ^^^^^^^^^^^

tests/kaggriculture/test_native_env.py:75: 
_ _ _ _ _ _ _ _ _ _ _ _ _ _ _ _ _ _ _ _ _ _ _ _ _ _ _ _ _ _ _ _ _ _ _ _ _ _ _ _ 

n_envs = 2, seed = 11, stride = 2, config = '{}', threads = 1

    def make_env(n_envs: int = 1, seed: int = 11, stride: int = 2,
                 config: str = "{}", threads: int = 1) -> rs.KaggricultureEnv:
>       return rs.KaggricultureEnv(n_envs, seed, stride, config, REWARD, threads, hire_limit=241)
               ^^^^^^^^^^^^^^^^^^^
E       AttributeError: module 'owl.rs' has no attribute 'KaggricultureEnv'

tests/kaggriculture/test_native_env.py:47: AttributeError
_ test_every_destination_rejected_before_any_write[shape-actor_inventory_rank] _

name = 'actor_inventory_rank', kind = 'shape'

    @pytest.mark.parametrize("name", DESTINATIONS)
    @pytest.mark.parametrize("kind", ["shape", "dtype", "readonly", "stride", "fortran", "unaligned", "overlap"])
    def test_every_destination_rejected_before_any_write(name: str, kind: str) -> None:
>       env = make_env(2)
              ^^^^^^^^^^^

tests/kaggriculture/test_native_env.py:75: 
_ _ _ _ _ _ _ _ _ _ _ _ _ _ _ _ _ _ _ _ _ _ _ _ _ _ _ _ _ _ _ _ _ _ _ _ _ _ _ _ 

n_envs = 2, seed = 11, stride = 2, config = '{}', threads = 1

    def make_env(n_envs: int = 1, seed: int = 11, stride: int = 2,
                 config: str = "{}", threads: int = 1) -> rs.KaggricultureEnv:
>       return rs.KaggricultureEnv(n_envs, seed, stride, config, REWARD, threads, hire_limit=241)
               ^^^^^^^^^^^^^^^^^^^
E       AttributeError: module 'owl.rs' has no attribute 'KaggricultureEnv'

tests/kaggriculture/test_native_env.py:47: AttributeError
_____ test_every_destination_rejected_before_any_write[shape-actors_float] _____

name = 'actors_float', kind = 'shape'

    @pytest.mark.parametrize("name", DESTINATIONS)
    @pytest.mark.parametrize("kind", ["shape", "dtype", "readonly", "stride", "fortran", "unaligned", "overlap"])
    def test_every_destination_rejected_before_any_write(name: str, kind: str) -> None:
>       env = make_env(2)
              ^^^^^^^^^^^

tests/kaggriculture/test_native_env.py:75: 
_ _ _ _ _ _ _ _ _ _ _ _ _ _ _ _ _ _ _ _ _ _ _ _ _ _ _ _ _ _ _ _ _ _ _ _ _ _ _ _ 

n_envs = 2, seed = 11, stride = 2, config = '{}', threads = 1

    def make_env(n_envs: int = 1, seed: int = 11, stride: int = 2,
                 config: str = "{}", threads: int = 1) -> rs.KaggricultureEnv:
>       return rs.KaggricultureEnv(n_envs, seed, stride, config, REWARD, threads, hire_limit=241)
               ^^^^^^^^^^^^^^^^^^^
E       AttributeError: module 'owl.rs' has no attribute 'KaggricultureEnv'

tests/kaggriculture/test_native_env.py:47: AttributeError
___ test_every_destination_rejected_before_any_write[shape-player_features] ____

name = 'player_features', kind = 'shape'

    @pytest.mark.parametrize("name", DESTINATIONS)
    @pytest.mark.parametrize("kind", ["shape", "dtype", "readonly", "stride", "fortran", "unaligned", "overlap"])
    def test_every_destination_rejected_before_any_write(name: str, kind: str) -> None:
>       env = make_env(2)
              ^^^^^^^^^^^

tests/kaggriculture/test_native_env.py:75: 
_ _ _ _ _ _ _ _ _ _ _ _ _ _ _ _ _ _ _ _ _ _ _ _ _ _ _ _ _ _ _ _ _ _ _ _ _ _ _ _ 

n_envs = 2, seed = 11, stride = 2, config = '{}', threads = 1

    def make_env(n_envs: int = 1, seed: int = 11, stride: int = 2,
                 config: str = "{}", threads: int = 1) -> rs.KaggricultureEnv:
>       return rs.KaggricultureEnv(n_envs, seed, stride, config, REWARD, threads, hire_limit=241)
               ^^^^^^^^^^^^^^^^^^^
E       AttributeError: module 'owl.rs' has no attribute 'KaggricultureEnv'

tests/kaggriculture/test_native_env.py:47: AttributeError
____ test_every_destination_rejected_before_any_write[shape-storage_counts] ____

name = 'storage_counts', kind = 'shape'

    @pytest.mark.parametrize("name", DESTINATIONS)
    @pytest.mark.parametrize("kind", ["shape", "dtype", "readonly", "stride", "fortran", "unaligned", "overlap"])
    def test_every_destination_rejected_before_any_write(name: str, kind: str) -> None:
>       env = make_env(2)
              ^^^^^^^^^^^

tests/kaggriculture/test_native_env.py:75: 
_ _ _ _ _ _ _ _ _ _ _ _ _ _ _ _ _ _ _ _ _ _ _ _ _ _ _ _ _ _ _ _ _ _ _ _ _ _ _ _ 

n_envs = 2, seed = 11, stride = 2, config = '{}', threads = 1

    def make_env(n_envs: int = 1, seed: int = 11, stride: int = 2,
                 config: str = "{}", threads: int = 1) -> rs.KaggricultureEnv:
>       return rs.KaggricultureEnv(n_envs, seed, stride, config, REWARD, threads, hire_limit=241)
               ^^^^^^^^^^^^^^^^^^^
E       AttributeError: module 'owl.rs' has no attribute 'KaggricultureEnv'

tests/kaggriculture/test_native_env.py:47: AttributeError
_____ test_every_destination_rejected_before_any_write[shape-storage_rank] _____

name = 'storage_rank', kind = 'shape'

    @pytest.mark.parametrize("name", DESTINATIONS)
    @pytest.mark.parametrize("kind", ["shape", "dtype", "readonly", "stride", "fortran", "unaligned", "overlap"])
    def test_every_destination_rejected_before_any_write(name: str, kind: str) -> None:
>       env = make_env(2)
              ^^^^^^^^^^^

tests/kaggriculture/test_native_env.py:75: 
_ _ _ _ _ _ _ _ _ _ _ _ _ _ _ _ _ _ _ _ _ _ _ _ _ _ _ _ _ _ _ _ _ _ _ _ _ _ _ _ 

n_envs = 2, seed = 11, stride = 2, config = '{}', threads = 1

    def make_env(n_envs: int = 1, seed: int = 11, stride: int = 2,
                 config: str = "{}", threads: int = 1) -> rs.KaggricultureEnv:
>       return rs.KaggricultureEnv(n_envs, seed, stride, config, REWARD, threads, hire_limit=241)
               ^^^^^^^^^^^^^^^^^^^
E       AttributeError: module 'owl.rs' has no attribute 'KaggricultureEnv'

tests/kaggriculture/test_native_env.py:47: AttributeError
________ test_every_destination_rejected_before_any_write[shape-banks] _________

name = 'banks', kind = 'shape'

    @pytest.mark.parametrize("name", DESTINATIONS)
    @pytest.mark.parametrize("kind", ["shape", "dtype", "readonly", "stride", "fortran", "unaligned", "overlap"])
    def test_every_destination_rejected_before_any_write(name: str, kind: str) -> None:
>       env = make_env(2)
              ^^^^^^^^^^^

tests/kaggriculture/test_native_env.py:75: 
_ _ _ _ _ _ _ _ _ _ _ _ _ _ _ _ _ _ _ _ _ _ _ _ _ _ _ _ _ _ _ _ _ _ _ _ _ _ _ _ 

n_envs = 2, seed = 11, stride = 2, config = '{}', threads = 1

    def make_env(n_envs: int = 1, seed: int = 11, stride: int = 2,
                 config: str = "{}", threads: int = 1) -> rs.KaggricultureEnv:
>       return rs.KaggricultureEnv(n_envs, seed, stride, config, REWARD, threads, hire_limit=241)
               ^^^^^^^^^^^^^^^^^^^
E       AttributeError: module 'owl.rs' has no attribute 'KaggricultureEnv'

tests/kaggriculture/test_native_env.py:47: AttributeError
______ test_every_destination_rejected_before_any_write[shape-shop_type] _______

name = 'shop_type', kind = 'shape'

    @pytest.mark.parametrize("name", DESTINATIONS)
    @pytest.mark.parametrize("kind", ["shape", "dtype", "readonly", "stride", "fortran", "unaligned", "overlap"])
    def test_every_destination_rejected_before_any_write(name: str, kind: str) -> None:
>       env = make_env(2)
              ^^^^^^^^^^^

tests/kaggriculture/test_native_env.py:75: 
_ _ _ _ _ _ _ _ _ _ _ _ _ _ _ _ _ _ _ _ _ _ _ _ _ _ _ _ _ _ _ _ _ _ _ _ _ _ _ _ 

n_envs = 2, seed = 11, stride = 2, config = '{}', threads = 1

    def make_env(n_envs: int = 1, seed: int = 11, stride: int = 2,
                 config: str = "{}", threads: int = 1) -> rs.KaggricultureEnv:
>       return rs.KaggricultureEnv(n_envs, seed, stride, config, REWARD, threads, hire_limit=241)
               ^^^^^^^^^^^^^^^^^^^
E       AttributeError: module 'owl.rs' has no attribute 'KaggricultureEnv'

tests/kaggriculture/test_native_env.py:47: AttributeError
______ test_every_destination_rejected_before_any_write[shape-shop_slot] _______

name = 'shop_slot', kind = 'shape'

    @pytest.mark.parametrize("name", DESTINATIONS)
    @pytest.mark.parametrize("kind", ["shape", "dtype", "readonly", "stride", "fortran", "unaligned", "overlap"])
    def test_every_destination_rejected_before_any_write(name: str, kind: str) -> None:
>       env = make_env(2)
              ^^^^^^^^^^^

tests/kaggriculture/test_native_env.py:75: 
_ _ _ _ _ _ _ _ _ _ _ _ _ _ _ _ _ _ _ _ _ _ _ _ _ _ _ _ _ _ _ _ _ _ _ _ _ _ _ _ 

n_envs = 2, seed = 11, stride = 2, config = '{}', threads = 1

    def make_env(n_envs: int = 1, seed: int = 11, stride: int = 2,
                 config: str = "{}", threads: int = 1) -> rs.KaggricultureEnv:
>       return rs.KaggricultureEnv(n_envs, seed, stride, config, REWARD, threads, hire_limit=241)
               ^^^^^^^^^^^^^^^^^^^
E       AttributeError: module 'owl.rs' has no attribute 'KaggricultureEnv'

tests/kaggriculture/test_native_env.py:47: AttributeError
______ test_every_destination_rejected_before_any_write[shape-shop_mask] _______

name = 'shop_mask', kind = 'shape'

    @pytest.mark.parametrize("name", DESTINATIONS)
    @pytest.mark.parametrize("kind", ["shape", "dtype", "readonly", "stride", "fortran", "unaligned", "overlap"])
    def test_every_destination_rejected_before_any_write(name: str, kind: str) -> None:
>       env = make_env(2)
              ^^^^^^^^^^^

tests/kaggriculture/test_native_env.py:75: 
_ _ _ _ _ _ _ _ _ _ _ _ _ _ _ _ _ _ _ _ _ _ _ _ _ _ _ _ _ _ _ _ _ _ _ _ _ _ _ _ 

n_envs = 2, seed = 11, stride = 2, config = '{}', threads = 1

    def make_env(n_envs: int = 1, seed: int = 11, stride: int = 2,
                 config: str = "{}", threads: int = 1) -> rs.KaggricultureEnv:
>       return rs.KaggricultureEnv(n_envs, seed, stride, config, REWARD, threads, hire_limit=241)
               ^^^^^^^^^^^^^^^^^^^
E       AttributeError: module 'owl.rs' has no attribute 'KaggricultureEnv'

tests/kaggriculture/test_native_env.py:47: AttributeError
____ test_every_destination_rejected_before_any_write[shape-market_product] ____

name = 'market_product', kind = 'shape'

    @pytest.mark.parametrize("name", DESTINATIONS)
    @pytest.mark.parametrize("kind", ["shape", "dtype", "readonly", "stride", "fortran", "unaligned", "overlap"])
    def test_every_destination_rejected_before_any_write(name: str, kind: str) -> None:
>       env = make_env(2)
              ^^^^^^^^^^^

tests/kaggriculture/test_native_env.py:75: 
_ _ _ _ _ _ _ _ _ _ _ _ _ _ _ _ _ _ _ _ _ _ _ _ _ _ _ _ _ _ _ _ _ _ _ _ _ _ _ _ 

n_envs = 2, seed = 11, stride = 2, config = '{}', threads = 1

    def make_env(n_envs: int = 1, seed: int = 11, stride: int = 2,
                 config: str = "{}", threads: int = 1) -> rs.KaggricultureEnv:
>       return rs.KaggricultureEnv(n_envs, seed, stride, config, REWARD, threads, hire_limit=241)
               ^^^^^^^^^^^^^^^^^^^
E       AttributeError: module 'owl.rs' has no attribute 'KaggricultureEnv'

tests/kaggriculture/test_native_env.py:47: AttributeError
_____ test_every_destination_rejected_before_any_write[shape-market_float] _____

name = 'market_float', kind = 'shape'

    @pytest.mark.parametrize("name", DESTINATIONS)
    @pytest.mark.parametrize("kind", ["shape", "dtype", "readonly", "stride", "fortran", "unaligned", "overlap"])
    def test_every_destination_rejected_before_any_write(name: str, kind: str) -> None:
>       env = make_env(2)
              ^^^^^^^^^^^

tests/kaggriculture/test_native_env.py:75: 
_ _ _ _ _ _ _ _ _ _ _ _ _ _ _ _ _ _ _ _ _ _ _ _ _ _ _ _ _ _ _ _ _ _ _ _ _ _ _ _ 

n_envs = 2, seed = 11, stride = 2, config = '{}', threads = 1

    def make_env(n_envs: int = 1, seed: int = 11, stride: int = 2,
                 config: str = "{}", threads: int = 1) -> rs.KaggricultureEnv:
>       return rs.KaggricultureEnv(n_envs, seed, stride, config, REWARD, threads, hire_limit=241)
               ^^^^^^^^^^^^^^^^^^^
E       AttributeError: module 'owl.rs' has no attribute 'KaggricultureEnv'

tests/kaggriculture/test_native_env.py:47: AttributeError
______ test_every_destination_rejected_before_any_write[shape-market_int] ______

name = 'market_int', kind = 'shape'

    @pytest.mark.parametrize("name", DESTINATIONS)
    @pytest.mark.parametrize("kind", ["shape", "dtype", "readonly", "stride", "fortran", "unaligned", "overlap"])
    def test_every_destination_rejected_before_any_write(name: str, kind: str) -> None:
>       env = make_env(2)
              ^^^^^^^^^^^

tests/kaggriculture/test_native_env.py:75: 
_ _ _ _ _ _ _ _ _ _ _ _ _ _ _ _ _ _ _ _ _ _ _ _ _ _ _ _ _ _ _ _ _ _ _ _ _ _ _ _ 

n_envs = 2, seed = 11, stride = 2, config = '{}', threads = 1

    def make_env(n_envs: int = 1, seed: int = 11, stride: int = 2,
                 config: str = "{}", threads: int = 1) -> rs.KaggricultureEnv:
>       return rs.KaggricultureEnv(n_envs, seed, stride, config, REWARD, threads, hire_limit=241)
               ^^^^^^^^^^^^^^^^^^^
E       AttributeError: module 'owl.rs' has no attribute 'KaggricultureEnv'

tests/kaggriculture/test_native_env.py:47: AttributeError
___ test_every_destination_rejected_before_any_write[shape-global_features] ____

name = 'global_features', kind = 'shape'

    @pytest.mark.parametrize("name", DESTINATIONS)
    @pytest.mark.parametrize("kind", ["shape", "dtype", "readonly", "stride", "fortran", "unaligned", "overlap"])
    def test_every_destination_rejected_before_any_write(name: str, kind: str) -> None:
>       env = make_env(2)
              ^^^^^^^^^^^

tests/kaggriculture/test_native_env.py:75: 
_ _ _ _ _ _ _ _ _ _ _ _ _ _ _ _ _ _ _ _ _ _ _ _ _ _ _ _ _ _ _ _ _ _ _ _ _ _ _ _ 

n_envs = 2, seed = 11, stride = 2, config = '{}', threads = 1

    def make_env(n_envs: int = 1, seed: int = 11, stride: int = 2,
                 config: str = "{}", threads: int = 1) -> rs.KaggricultureEnv:
>       return rs.KaggricultureEnv(n_envs, seed, stride, config, REWARD, threads, hire_limit=241)
               ^^^^^^^^^^^^^^^^^^^
E       AttributeError: module 'owl.rs' has no attribute 'KaggricultureEnv'

tests/kaggriculture/test_native_env.py:47: AttributeError
_____ test_every_destination_rejected_before_any_write[shape-globals_int] ______

name = 'globals_int', kind = 'shape'

    @pytest.mark.parametrize("name", DESTINATIONS)
    @pytest.mark.parametrize("kind", ["shape", "dtype", "readonly", "stride", "fortran", "unaligned", "overlap"])
    def test_every_destination_rejected_before_any_write(name: str, kind: str) -> None:
>       env = make_env(2)
              ^^^^^^^^^^^

tests/kaggriculture/test_native_env.py:75: 
_ _ _ _ _ _ _ _ _ _ _ _ _ _ _ _ _ _ _ _ _ _ _ _ _ _ _ _ _ _ _ _ _ _ _ _ _ _ _ _ 

n_envs = 2, seed = 11, stride = 2, config = '{}', threads = 1

    def make_env(n_envs: int = 1, seed: int = 11, stride: int = 2,
                 config: str = "{}", threads: int = 1) -> rs.KaggricultureEnv:
>       return rs.KaggricultureEnv(n_envs, seed, stride, config, REWARD, threads, hire_limit=241)
               ^^^^^^^^^^^^^^^^^^^
E       AttributeError: module 'owl.rs' has no attribute 'KaggricultureEnv'

tests/kaggriculture/test_native_env.py:47: AttributeError
____ test_every_destination_rejected_before_any_write[shape-still_playing] _____

name = 'still_playing', kind = 'shape'

    @pytest.mark.parametrize("name", DESTINATIONS)
    @pytest.mark.parametrize("kind", ["shape", "dtype", "readonly", "stride", "fortran", "unaligned", "overlap"])
    def test_every_destination_rejected_before_any_write(name: str, kind: str) -> None:
>       env = make_env(2)
              ^^^^^^^^^^^

tests/kaggriculture/test_native_env.py:75: 
_ _ _ _ _ _ _ _ _ _ _ _ _ _ _ _ _ _ _ _ _ _ _ _ _ _ _ _ _ _ _ _ _ _ _ _ _ _ _ _ 

n_envs = 2, seed = 11, stride = 2, config = '{}', threads = 1

    def make_env(n_envs: int = 1, seed: int = 11, stride: int = 2,
                 config: str = "{}", threads: int = 1) -> rs.KaggricultureEnv:
>       return rs.KaggricultureEnv(n_envs, seed, stride, config, REWARD, threads, hire_limit=241)
               ^^^^^^^^^^^^^^^^^^^
E       AttributeError: module 'owl.rs' has no attribute 'KaggricultureEnv'

tests/kaggriculture/test_native_env.py:47: AttributeError
_____ test_every_destination_rejected_before_any_write[shape-order_limits] _____

name = 'order_limits', kind = 'shape'

    @pytest.mark.parametrize("name", DESTINATIONS)
    @pytest.mark.parametrize("kind", ["shape", "dtype", "readonly", "stride", "fortran", "unaligned", "overlap"])
    def test_every_destination_rejected_before_any_write(name: str, kind: str) -> None:
>       env = make_env(2)
              ^^^^^^^^^^^

tests/kaggriculture/test_native_env.py:75: 
_ _ _ _ _ _ _ _ _ _ _ _ _ _ _ _ _ _ _ _ _ _ _ _ _ _ _ _ _ _ _ _ _ _ _ _ _ _ _ _ 

n_envs = 2, seed = 11, stride = 2, config = '{}', threads = 1

    def make_env(n_envs: int = 1, seed: int = 11, stride: int = 2,
                 config: str = "{}", threads: int = 1) -> rs.KaggricultureEnv:
>       return rs.KaggricultureEnv(n_envs, seed, stride, config, REWARD, threads, hire_limit=241)
               ^^^^^^^^^^^^^^^^^^^
E       AttributeError: module 'owl.rs' has no attribute 'KaggricultureEnv'

tests/kaggriculture/test_native_env.py:47: AttributeError
_______ test_every_destination_rejected_before_any_write[shape-can_act] ________

name = 'can_act', kind = 'shape'

    @pytest.mark.parametrize("name", DESTINATIONS)
    @pytest.mark.parametrize("kind", ["shape", "dtype", "readonly", "stride", "fortran", "unaligned", "overlap"])
    def test_every_destination_rejected_before_any_write(name: str, kind: str) -> None:
>       env = make_env(2)
              ^^^^^^^^^^^

tests/kaggriculture/test_native_env.py:75: 
_ _ _ _ _ _ _ _ _ _ _ _ _ _ _ _ _ _ _ _ _ _ _ _ _ _ _ _ _ _ _ _ _ _ _ _ _ _ _ _ 

n_envs = 2, seed = 11, stride = 2, config = '{}', threads = 1

    def make_env(n_envs: int = 1, seed: int = 11, stride: int = 2,
                 config: str = "{}", threads: int = 1) -> rs.KaggricultureEnv:
>       return rs.KaggricultureEnv(n_envs, seed, stride, config, REWARD, threads, hire_limit=241)
               ^^^^^^^^^^^^^^^^^^^
E       AttributeError: module 'owl.rs' has no attribute 'KaggricultureEnv'

tests/kaggriculture/test_native_env.py:47: AttributeError
_______ test_every_destination_rejected_before_any_write[shape-rewards] ________

name = 'rewards', kind = 'shape'

    @pytest.mark.parametrize("name", DESTINATIONS)
    @pytest.mark.parametrize("kind", ["shape", "dtype", "readonly", "stride", "fortran", "unaligned", "overlap"])
    def test_every_destination_rejected_before_any_write(name: str, kind: str) -> None:
>       env = make_env(2)
              ^^^^^^^^^^^

tests/kaggriculture/test_native_env.py:75: 
_ _ _ _ _ _ _ _ _ _ _ _ _ _ _ _ _ _ _ _ _ _ _ _ _ _ _ _ _ _ _ _ _ _ _ _ _ _ _ _ 

n_envs = 2, seed = 11, stride = 2, config = '{}', threads = 1

    def make_env(n_envs: int = 1, seed: int = 11, stride: int = 2,
                 config: str = "{}", threads: int = 1) -> rs.KaggricultureEnv:
>       return rs.KaggricultureEnv(n_envs, seed, stride, config, REWARD, threads, hire_limit=241)
               ^^^^^^^^^^^^^^^^^^^
E       AttributeError: module 'owl.rs' has no attribute 'KaggricultureEnv'

tests/kaggriculture/test_native_env.py:47: AttributeError
________ test_every_destination_rejected_before_any_write[shape-dones] _________

name = 'dones', kind = 'shape'

    @pytest.mark.parametrize("name", DESTINATIONS)
    @pytest.mark.parametrize("kind", ["shape", "dtype", "readonly", "stride", "fortran", "unaligned", "overlap"])
    def test_every_destination_rejected_before_any_write(name: str, kind: str) -> None:
>       env = make_env(2)
              ^^^^^^^^^^^

tests/kaggriculture/test_native_env.py:75: 
_ _ _ _ _ _ _ _ _ _ _ _ _ _ _ _ _ _ _ _ _ _ _ _ _ _ _ _ _ _ _ _ _ _ _ _ _ _ _ _ 

n_envs = 2, seed = 11, stride = 2, config = '{}', threads = 1

    def make_env(n_envs: int = 1, seed: int = 11, stride: int = 2,
                 config: str = "{}", threads: int = 1) -> rs.KaggricultureEnv:
>       return rs.KaggricultureEnv(n_envs, seed, stride, config, REWARD, threads, hire_limit=241)
               ^^^^^^^^^^^^^^^^^^^
E       AttributeError: module 'owl.rs' has no attribute 'KaggricultureEnv'

tests/kaggriculture/test_native_env.py:47: AttributeError
_ test_every_destination_rejected_before_any_write[shape-transition_banks_before] _

name = 'transition_banks_before', kind = 'shape'

    @pytest.mark.parametrize("name", DESTINATIONS)
    @pytest.mark.parametrize("kind", ["shape", "dtype", "readonly", "stride", "fortran", "unaligned", "overlap"])
    def test_every_destination_rejected_before_any_write(name: str, kind: str) -> None:
>       env = make_env(2)
              ^^^^^^^^^^^

tests/kaggriculture/test_native_env.py:75: 
_ _ _ _ _ _ _ _ _ _ _ _ _ _ _ _ _ _ _ _ _ _ _ _ _ _ _ _ _ _ _ _ _ _ _ _ _ _ _ _ 

n_envs = 2, seed = 11, stride = 2, config = '{}', threads = 1

    def make_env(n_envs: int = 1, seed: int = 11, stride: int = 2,
                 config: str = "{}", threads: int = 1) -> rs.KaggricultureEnv:
>       return rs.KaggricultureEnv(n_envs, seed, stride, config, REWARD, threads, hire_limit=241)
               ^^^^^^^^^^^^^^^^^^^
E       AttributeError: module 'owl.rs' has no attribute 'KaggricultureEnv'

tests/kaggriculture/test_native_env.py:47: AttributeError
_ test_every_destination_rejected_before_any_write[shape-transition_banks_after] _

name = 'transition_banks_after', kind = 'shape'

    @pytest.mark.parametrize("name", DESTINATIONS)
    @pytest.mark.parametrize("kind", ["shape", "dtype", "readonly", "stride", "fortran", "unaligned", "overlap"])
    def test_every_destination_rejected_before_any_write(name: str, kind: str) -> None:
>       env = make_env(2)
              ^^^^^^^^^^^

tests/kaggriculture/test_native_env.py:75: 
_ _ _ _ _ _ _ _ _ _ _ _ _ _ _ _ _ _ _ _ _ _ _ _ _ _ _ _ _ _ _ _ _ _ _ _ _ _ _ _ 

n_envs = 2, seed = 11, stride = 2, config = '{}', threads = 1

    def make_env(n_envs: int = 1, seed: int = 11, stride: int = 2,
                 config: str = "{}", threads: int = 1) -> rs.KaggricultureEnv:
>       return rs.KaggricultureEnv(n_envs, seed, stride, config, REWARD, threads, hire_limit=241)
               ^^^^^^^^^^^^^^^^^^^
E       AttributeError: module 'owl.rs' has no attribute 'KaggricultureEnv'

tests/kaggriculture/test_native_env.py:47: AttributeError
_ test_every_destination_rejected_before_any_write[shape-transition_econ_before] _

name = 'transition_econ_before', kind = 'shape'

    @pytest.mark.parametrize("name", DESTINATIONS)
    @pytest.mark.parametrize("kind", ["shape", "dtype", "readonly", "stride", "fortran", "unaligned", "overlap"])
    def test_every_destination_rejected_before_any_write(name: str, kind: str) -> None:
>       env = make_env(2)
              ^^^^^^^^^^^

tests/kaggriculture/test_native_env.py:75: 
_ _ _ _ _ _ _ _ _ _ _ _ _ _ _ _ _ _ _ _ _ _ _ _ _ _ _ _ _ _ _ _ _ _ _ _ _ _ _ _ 

n_envs = 2, seed = 11, stride = 2, config = '{}', threads = 1

    def make_env(n_envs: int = 1, seed: int = 11, stride: int = 2,
                 config: str = "{}", threads: int = 1) -> rs.KaggricultureEnv:
>       return rs.KaggricultureEnv(n_envs, seed, stride, config, REWARD, threads, hire_limit=241)
               ^^^^^^^^^^^^^^^^^^^
E       AttributeError: module 'owl.rs' has no attribute 'KaggricultureEnv'

tests/kaggriculture/test_native_env.py:47: AttributeError
_ test_every_destination_rejected_before_any_write[shape-transition_econ_after] _

name = 'transition_econ_after', kind = 'shape'

    @pytest.mark.parametrize("name", DESTINATIONS)
    @pytest.mark.parametrize("kind", ["shape", "dtype", "readonly", "stride", "fortran", "unaligned", "overlap"])
    def test_every_destination_rejected_before_any_write(name: str, kind: str) -> None:
>       env = make_env(2)
              ^^^^^^^^^^^

tests/kaggriculture/test_native_env.py:75: 
_ _ _ _ _ _ _ _ _ _ _ _ _ _ _ _ _ _ _ _ _ _ _ _ _ _ _ _ _ _ _ _ _ _ _ _ _ _ _ _ 

n_envs = 2, seed = 11, stride = 2, config = '{}', threads = 1

    def make_env(n_envs: int = 1, seed: int = 11, stride: int = 2,
                 config: str = "{}", threads: int = 1) -> rs.KaggricultureEnv:
>       return rs.KaggricultureEnv(n_envs, seed, stride, config, REWARD, threads, hire_limit=241)
               ^^^^^^^^^^^^^^^^^^^
E       AttributeError: module 'owl.rs' has no attribute 'KaggricultureEnv'

tests/kaggriculture/test_native_env.py:47: AttributeError
______ test_every_destination_rejected_before_any_write[dtype-tile_kind] _______

name = 'tile_kind', kind = 'dtype'

    @pytest.mark.parametrize("name", DESTINATIONS)
    @pytest.mark.parametrize("kind", ["shape", "dtype", "readonly", "stride", "fortran", "unaligned", "overlap"])
    def test_every_destination_rejected_before_any_write(name: str, kind: str) -> None:
>       env = make_env(2)
              ^^^^^^^^^^^

tests/kaggriculture/test_native_env.py:75: 
_ _ _ _ _ _ _ _ _ _ _ _ _ _ _ _ _ _ _ _ _ _ _ _ _ _ _ _ _ _ _ _ _ _ _ _ _ _ _ _ 

n_envs = 2, seed = 11, stride = 2, config = '{}', threads = 1

    def make_env(n_envs: int = 1, seed: int = 11, stride: int = 2,
                 config: str = "{}", threads: int = 1) -> rs.KaggricultureEnv:
>       return rs.KaggricultureEnv(n_envs, seed, stride, config, REWARD, threads, hire_limit=241)
               ^^^^^^^^^^^^^^^^^^^
E       AttributeError: module 'owl.rs' has no attribute 'KaggricultureEnv'

tests/kaggriculture/test_native_env.py:47: AttributeError
______ test_every_destination_rejected_before_any_write[dtype-tile_crop] _______

name = 'tile_crop', kind = 'dtype'

    @pytest.mark.parametrize("name", DESTINATIONS)
    @pytest.mark.parametrize("kind", ["shape", "dtype", "readonly", "stride", "fortran", "unaligned", "overlap"])
    def test_every_destination_rejected_before_any_write(name: str, kind: str) -> None:
>       env = make_env(2)
              ^^^^^^^^^^^

tests/kaggriculture/test_native_env.py:75: 
_ _ _ _ _ _ _ _ _ _ _ _ _ _ _ _ _ _ _ _ _ _ _ _ _ _ _ _ _ _ _ _ _ _ _ _ _ _ _ _ 

n_envs = 2, seed = 11, stride = 2, config = '{}', threads = 1

    def make_env(n_envs: int = 1, seed: int = 11, stride: int = 2,
                 config: str = "{}", threads: int = 1) -> rs.KaggricultureEnv:
>       return rs.KaggricultureEnv(n_envs, seed, stride, config, REWARD, threads, hire_limit=241)
               ^^^^^^^^^^^^^^^^^^^
E       AttributeError: module 'owl.rs' has no attribute 'KaggricultureEnv'

tests/kaggriculture/test_native_env.py:47: AttributeError
_____ test_every_destination_rejected_before_any_write[dtype-tile_animal] ______

name = 'tile_animal', kind = 'dtype'

    @pytest.mark.parametrize("name", DESTINATIONS)
    @pytest.mark.parametrize("kind", ["shape", "dtype", "readonly", "stride", "fortran", "unaligned", "overlap"])
    def test_every_destination_rejected_before_any_write(name: str, kind: str) -> None:
>       env = make_env(2)
              ^^^^^^^^^^^

tests/kaggriculture/test_native_env.py:75: 
_ _ _ _ _ _ _ _ _ _ _ _ _ _ _ _ _ _ _ _ _ _ _ _ _ _ _ _ _ _ _ _ _ _ _ _ _ _ _ _ 

n_envs = 2, seed = 11, stride = 2, config = '{}', threads = 1

    def make_env(n_envs: int = 1, seed: int = 11, stride: int = 2,
                 config: str = "{}", threads: int = 1) -> rs.KaggricultureEnv:
>       return rs.KaggricultureEnv(n_envs, seed, stride, config, REWARD, threads, hire_limit=241)
               ^^^^^^^^^^^^^^^^^^^
E       AttributeError: module 'owl.rs' has no attribute 'KaggricultureEnv'

tests/kaggriculture/test_native_env.py:47: AttributeError
______ test_every_destination_rejected_before_any_write[dtype-tile_cell] _______

name = 'tile_cell', kind = 'dtype'

    @pytest.mark.parametrize("name", DESTINATIONS)
    @pytest.mark.parametrize("kind", ["shape", "dtype", "readonly", "stride", "fortran", "unaligned", "overlap"])
    def test_every_destination_rejected_before_any_write(name: str, kind: str) -> None:
>       env = make_env(2)
              ^^^^^^^^^^^

tests/kaggriculture/test_native_env.py:75: 
_ _ _ _ _ _ _ _ _ _ _ _ _ _ _ _ _ _ _ _ _ _ _ _ _ _ _ _ _ _ _ _ _ _ _ _ _ _ _ _ 

n_envs = 2, seed = 11, stride = 2, config = '{}', threads = 1

    def make_env(n_envs: int = 1, seed: int = 11, stride: int = 2,
                 config: str = "{}", threads: int = 1) -> rs.KaggricultureEnv:
>       return rs.KaggricultureEnv(n_envs, seed, stride, config, REWARD, threads, hire_limit=241)
               ^^^^^^^^^^^^^^^^^^^
E       AttributeError: module 'owl.rs' has no attribute 'KaggricultureEnv'

tests/kaggriculture/test_native_env.py:47: AttributeError
______ test_every_destination_rejected_before_any_write[dtype-tile_role] _______

name = 'tile_role', kind = 'dtype'

    @pytest.mark.parametrize("name", DESTINATIONS)
    @pytest.mark.parametrize("kind", ["shape", "dtype", "readonly", "stride", "fortran", "unaligned", "overlap"])
    def test_every_destination_rejected_before_any_write(name: str, kind: str) -> None:
>       env = make_env(2)
              ^^^^^^^^^^^

tests/kaggriculture/test_native_env.py:75: 
_ _ _ _ _ _ _ _ _ _ _ _ _ _ _ _ _ _ _ _ _ _ _ _ _ _ _ _ _ _ _ _ _ _ _ _ _ _ _ _ 

n_envs = 2, seed = 11, stride = 2, config = '{}', threads = 1

    def make_env(n_envs: int = 1, seed: int = 11, stride: int = 2,
                 config: str = "{}", threads: int = 1) -> rs.KaggricultureEnv:
>       return rs.KaggricultureEnv(n_envs, seed, stride, config, REWARD, threads, hire_limit=241)
               ^^^^^^^^^^^^^^^^^^^
E       AttributeError: module 'owl.rs' has no attribute 'KaggricultureEnv'

tests/kaggriculture/test_native_env.py:47: AttributeError
______ test_every_destination_rejected_before_any_write[dtype-tiles_int] _______

name = 'tiles_int', kind = 'dtype'

    @pytest.mark.parametrize("name", DESTINATIONS)
    @pytest.mark.parametrize("kind", ["shape", "dtype", "readonly", "stride", "fortran", "unaligned", "overlap"])
    def test_every_destination_rejected_before_any_write(name: str, kind: str) -> None:
>       env = make_env(2)
              ^^^^^^^^^^^

tests/kaggriculture/test_native_env.py:75: 
_ _ _ _ _ _ _ _ _ _ _ _ _ _ _ _ _ _ _ _ _ _ _ _ _ _ _ _ _ _ _ _ _ _ _ _ _ _ _ _ 

n_envs = 2, seed = 11, stride = 2, config = '{}', threads = 1

    def make_env(n_envs: int = 1, seed: int = 11, stride: int = 2,
                 config: str = "{}", threads: int = 1) -> rs.KaggricultureEnv:
>       return rs.KaggricultureEnv(n_envs, seed, stride, config, REWARD, threads, hire_limit=241)
               ^^^^^^^^^^^^^^^^^^^
E       AttributeError: module 'owl.rs' has no attribute 'KaggricultureEnv'

tests/kaggriculture/test_native_env.py:47: AttributeError
_____ test_every_destination_rejected_before_any_write[dtype-tiles_float] ______

name = 'tiles_float', kind = 'dtype'

    @pytest.mark.parametrize("name", DESTINATIONS)
    @pytest.mark.parametrize("kind", ["shape", "dtype", "readonly", "stride", "fortran", "unaligned", "overlap"])
    def test_every_destination_rejected_before_any_write(name: str, kind: str) -> None:
>       env = make_env(2)
              ^^^^^^^^^^^

tests/kaggriculture/test_native_env.py:75: 
_ _ _ _ _ _ _ _ _ _ _ _ _ _ _ _ _ _ _ _ _ _ _ _ _ _ _ _ _ _ _ _ _ _ _ _ _ _ _ _ 

n_envs = 2, seed = 11, stride = 2, config = '{}', threads = 1

    def make_env(n_envs: int = 1, seed: int = 11, stride: int = 2,
                 config: str = "{}", threads: int = 1) -> rs.KaggricultureEnv:
>       return rs.KaggricultureEnv(n_envs, seed, stride, config, REWARD, threads, hire_limit=241)
               ^^^^^^^^^^^^^^^^^^^
E       AttributeError: module 'owl.rs' has no attribute 'KaggricultureEnv'

tests/kaggriculture/test_native_env.py:47: AttributeError
______ test_every_destination_rejected_before_any_write[dtype-actor_slot] ______

name = 'actor_slot', kind = 'dtype'

    @pytest.mark.parametrize("name", DESTINATIONS)
    @pytest.mark.parametrize("kind", ["shape", "dtype", "readonly", "stride", "fortran", "unaligned", "overlap"])
    def test_every_destination_rejected_before_any_write(name: str, kind: str) -> None:
>       env = make_env(2)
              ^^^^^^^^^^^

tests/kaggriculture/test_native_env.py:75: 
_ _ _ _ _ _ _ _ _ _ _ _ _ _ _ _ _ _ _ _ _ _ _ _ _ _ _ _ _ _ _ _ _ _ _ _ _ _ _ _ 

n_envs = 2, seed = 11, stride = 2, config = '{}', threads = 1

    def make_env(n_envs: int = 1, seed: int = 11, stride: int = 2,
                 config: str = "{}", threads: int = 1) -> rs.KaggricultureEnv:
>       return rs.KaggricultureEnv(n_envs, seed, stride, config, REWARD, threads, hire_limit=241)
               ^^^^^^^^^^^^^^^^^^^
E       AttributeError: module 'owl.rs' has no attribute 'KaggricultureEnv'

tests/kaggriculture/test_native_env.py:47: AttributeError
______ test_every_destination_rejected_before_any_write[dtype-actor_cell] ______

name = 'actor_cell', kind = 'dtype'

    @pytest.mark.parametrize("name", DESTINATIONS)
    @pytest.mark.parametrize("kind", ["shape", "dtype", "readonly", "stride", "fortran", "unaligned", "overlap"])
    def test_every_destination_rejected_before_any_write(name: str, kind: str) -> None:
>       env = make_env(2)
              ^^^^^^^^^^^

tests/kaggriculture/test_native_env.py:75: 
_ _ _ _ _ _ _ _ _ _ _ _ _ _ _ _ _ _ _ _ _ _ _ _ _ _ _ _ _ _ _ _ _ _ _ _ _ _ _ _ 

n_envs = 2, seed = 11, stride = 2, config = '{}', threads = 1

    def make_env(n_envs: int = 1, seed: int = 11, stride: int = 2,
                 config: str = "{}", threads: int = 1) -> rs.KaggricultureEnv:
>       return rs.KaggricultureEnv(n_envs, seed, stride, config, REWARD, threads, hire_limit=241)
               ^^^^^^^^^^^^^^^^^^^
E       AttributeError: module 'owl.rs' has no attribute 'KaggricultureEnv'

tests/kaggriculture/test_native_env.py:47: AttributeError
______ test_every_destination_rejected_before_any_write[dtype-actor_role] ______

name = 'actor_role', kind = 'dtype'

    @pytest.mark.parametrize("name", DESTINATIONS)
    @pytest.mark.parametrize("kind", ["shape", "dtype", "readonly", "stride", "fortran", "unaligned", "overlap"])
    def test_every_destination_rejected_before_any_write(name: str, kind: str) -> None:
>       env = make_env(2)
              ^^^^^^^^^^^

tests/kaggriculture/test_native_env.py:75: 
_ _ _ _ _ _ _ _ _ _ _ _ _ _ _ _ _ _ _ _ _ _ _ _ _ _ _ _ _ _ _ _ _ _ _ _ _ _ _ _ 

n_envs = 2, seed = 11, stride = 2, config = '{}', threads = 1

    def make_env(n_envs: int = 1, seed: int = 11, stride: int = 2,
                 config: str = "{}", threads: int = 1) -> rs.KaggricultureEnv:
>       return rs.KaggricultureEnv(n_envs, seed, stride, config, REWARD, threads, hire_limit=241)
               ^^^^^^^^^^^^^^^^^^^
E       AttributeError: module 'owl.rs' has no attribute 'KaggricultureEnv'

tests/kaggriculture/test_native_env.py:47: AttributeError
______ test_every_destination_rejected_before_any_write[dtype-actor_mask] ______

name = 'actor_mask', kind = 'dtype'

    @pytest.mark.parametrize("name", DESTINATIONS)
    @pytest.mark.parametrize("kind", ["shape", "dtype", "readonly", "stride", "fortran", "unaligned", "overlap"])
    def test_every_destination_rejected_before_any_write(name: str, kind: str) -> None:
>       env = make_env(2)
              ^^^^^^^^^^^

tests/kaggriculture/test_native_env.py:75: 
_ _ _ _ _ _ _ _ _ _ _ _ _ _ _ _ _ _ _ _ _ _ _ _ _ _ _ _ _ _ _ _ _ _ _ _ _ _ _ _ 

n_envs = 2, seed = 11, stride = 2, config = '{}', threads = 1

    def make_env(n_envs: int = 1, seed: int = 11, stride: int = 2,
                 config: str = "{}", threads: int = 1) -> rs.KaggricultureEnv:
>       return rs.KaggricultureEnv(n_envs, seed, stride, config, REWARD, threads, hire_limit=241)
               ^^^^^^^^^^^^^^^^^^^
E       AttributeError: module 'owl.rs' has no attribute 'KaggricultureEnv'

tests/kaggriculture/test_native_env.py:47: AttributeError
___ test_every_destination_rejected_before_any_write[dtype-actor_inventory] ____

name = 'actor_inventory', kind = 'dtype'

    @pytest.mark.parametrize("name", DESTINATIONS)
    @pytest.mark.parametrize("kind", ["shape", "dtype", "readonly", "stride", "fortran", "unaligned", "overlap"])
    def test_every_destination_rejected_before_any_write(name: str, kind: str) -> None:
>       env = make_env(2)
              ^^^^^^^^^^^

tests/kaggriculture/test_native_env.py:75: 
_ _ _ _ _ _ _ _ _ _ _ _ _ _ _ _ _ _ _ _ _ _ _ _ _ _ _ _ _ _ _ _ _ _ _ _ _ _ _ _ 

n_envs = 2, seed = 11, stride = 2, config = '{}', threads = 1

    def make_env(n_envs: int = 1, seed: int = 11, stride: int = 2,
                 config: str = "{}", threads: int = 1) -> rs.KaggricultureEnv:
>       return rs.KaggricultureEnv(n_envs, seed, stride, config, REWARD, threads, hire_limit=241)
               ^^^^^^^^^^^^^^^^^^^
E       AttributeError: module 'owl.rs' has no attribute 'KaggricultureEnv'

tests/kaggriculture/test_native_env.py:47: AttributeError
_ test_every_destination_rejected_before_any_write[dtype-actor_inventory_rank] _

name = 'actor_inventory_rank', kind = 'dtype'

    @pytest.mark.parametrize("name", DESTINATIONS)
    @pytest.mark.parametrize("kind", ["shape", "dtype", "readonly", "stride", "fortran", "unaligned", "overlap"])
    def test_every_destination_rejected_before_any_write(name: str, kind: str) -> None:
>       env = make_env(2)
              ^^^^^^^^^^^

tests/kaggriculture/test_native_env.py:75: 
_ _ _ _ _ _ _ _ _ _ _ _ _ _ _ _ _ _ _ _ _ _ _ _ _ _ _ _ _ _ _ _ _ _ _ _ _ _ _ _ 

n_envs = 2, seed = 11, stride = 2, config = '{}', threads = 1

    def make_env(n_envs: int = 1, seed: int = 11, stride: int = 2,
                 config: str = "{}", threads: int = 1) -> rs.KaggricultureEnv:
>       return rs.KaggricultureEnv(n_envs, seed, stride, config, REWARD, threads, hire_limit=241)
               ^^^^^^^^^^^^^^^^^^^
E       AttributeError: module 'owl.rs' has no attribute 'KaggricultureEnv'

tests/kaggriculture/test_native_env.py:47: AttributeError
_____ test_every_destination_rejected_before_any_write[dtype-actors_float] _____

name = 'actors_float', kind = 'dtype'

    @pytest.mark.parametrize("name", DESTINATIONS)
    @pytest.mark.parametrize("kind", ["shape", "dtype", "readonly", "stride", "fortran", "unaligned", "overlap"])
    def test_every_destination_rejected_before_any_write(name: str, kind: str) -> None:
>       env = make_env(2)
              ^^^^^^^^^^^

tests/kaggriculture/test_native_env.py:75: 
_ _ _ _ _ _ _ _ _ _ _ _ _ _ _ _ _ _ _ _ _ _ _ _ _ _ _ _ _ _ _ _ _ _ _ _ _ _ _ _ 

n_envs = 2, seed = 11, stride = 2, config = '{}', threads = 1

    def make_env(n_envs: int = 1, seed: int = 11, stride: int = 2,
                 config: str = "{}", threads: int = 1) -> rs.KaggricultureEnv:
>       return rs.KaggricultureEnv(n_envs, seed, stride, config, REWARD, threads, hire_limit=241)
               ^^^^^^^^^^^^^^^^^^^
E       AttributeError: module 'owl.rs' has no attribute 'KaggricultureEnv'

tests/kaggriculture/test_native_env.py:47: AttributeError
___ test_every_destination_rejected_before_any_write[dtype-player_features] ____

name = 'player_features', kind = 'dtype'

    @pytest.mark.parametrize("name", DESTINATIONS)
    @pytest.mark.parametrize("kind", ["shape", "dtype", "readonly", "stride", "fortran", "unaligned", "overlap"])
    def test_every_destination_rejected_before_any_write(name: str, kind: str) -> None:
>       env = make_env(2)
              ^^^^^^^^^^^

tests/kaggriculture/test_native_env.py:75: 
_ _ _ _ _ _ _ _ _ _ _ _ _ _ _ _ _ _ _ _ _ _ _ _ _ _ _ _ _ _ _ _ _ _ _ _ _ _ _ _ 

n_envs = 2, seed = 11, stride = 2, config = '{}', threads = 1

    def make_env(n_envs: int = 1, seed: int = 11, stride: int = 2,
                 config: str = "{}", threads: int = 1) -> rs.KaggricultureEnv:
>       return rs.KaggricultureEnv(n_envs, seed, stride, config, REWARD, threads, hire_limit=241)
               ^^^^^^^^^^^^^^^^^^^
E       AttributeError: module 'owl.rs' has no attribute 'KaggricultureEnv'

tests/kaggriculture/test_native_env.py:47: AttributeError
____ test_every_destination_rejected_before_any_write[dtype-storage_counts] ____

name = 'storage_counts', kind = 'dtype'

    @pytest.mark.parametrize("name", DESTINATIONS)
    @pytest.mark.parametrize("kind", ["shape", "dtype", "readonly", "stride", "fortran", "unaligned", "overlap"])
    def test_every_destination_rejected_before_any_write(name: str, kind: str) -> None:
>       env = make_env(2)
              ^^^^^^^^^^^

tests/kaggriculture/test_native_env.py:75: 
_ _ _ _ _ _ _ _ _ _ _ _ _ _ _ _ _ _ _ _ _ _ _ _ _ _ _ _ _ _ _ _ _ _ _ _ _ _ _ _ 

n_envs = 2, seed = 11, stride = 2, config = '{}', threads = 1

    def make_env(n_envs: int = 1, seed: int = 11, stride: int = 2,
                 config: str = "{}", threads: int = 1) -> rs.KaggricultureEnv:
>       return rs.KaggricultureEnv(n_envs, seed, stride, config, REWARD, threads, hire_limit=241)
               ^^^^^^^^^^^^^^^^^^^
E       AttributeError: module 'owl.rs' has no attribute 'KaggricultureEnv'

tests/kaggriculture/test_native_env.py:47: AttributeError
_____ test_every_destination_rejected_before_any_write[dtype-storage_rank] _____

name = 'storage_rank', kind = 'dtype'

    @pytest.mark.parametrize("name", DESTINATIONS)
    @pytest.mark.parametrize("kind", ["shape", "dtype", "readonly", "stride", "fortran", "unaligned", "overlap"])
    def test_every_destination_rejected_before_any_write(name: str, kind: str) -> None:
>       env = make_env(2)
              ^^^^^^^^^^^

tests/kaggriculture/test_native_env.py:75: 
_ _ _ _ _ _ _ _ _ _ _ _ _ _ _ _ _ _ _ _ _ _ _ _ _ _ _ _ _ _ _ _ _ _ _ _ _ _ _ _ 

n_envs = 2, seed = 11, stride = 2, config = '{}', threads = 1

    def make_env(n_envs: int = 1, seed: int = 11, stride: int = 2,
                 config: str = "{}", threads: int = 1) -> rs.KaggricultureEnv:
>       return rs.KaggricultureEnv(n_envs, seed, stride, config, REWARD, threads, hire_limit=241)
               ^^^^^^^^^^^^^^^^^^^
E       AttributeError: module 'owl.rs' has no attribute 'KaggricultureEnv'

tests/kaggriculture/test_native_env.py:47: AttributeError
________ test_every_destination_rejected_before_any_write[dtype-banks] _________

name = 'banks', kind = 'dtype'

    @pytest.mark.parametrize("name", DESTINATIONS)
    @pytest.mark.parametrize("kind", ["shape", "dtype", "readonly", "stride", "fortran", "unaligned", "overlap"])
    def test_every_destination_rejected_before_any_write(name: str, kind: str) -> None:
>       env = make_env(2)
              ^^^^^^^^^^^

tests/kaggriculture/test_native_env.py:75: 
_ _ _ _ _ _ _ _ _ _ _ _ _ _ _ _ _ _ _ _ _ _ _ _ _ _ _ _ _ _ _ _ _ _ _ _ _ _ _ _ 

n_envs = 2, seed = 11, stride = 2, config = '{}', threads = 1

    def make_env(n_envs: int = 1, seed: int = 11, stride: int = 2,
                 config: str = "{}", threads: int = 1) -> rs.KaggricultureEnv:
>       return rs.KaggricultureEnv(n_envs, seed, stride, config, REWARD, threads, hire_limit=241)
               ^^^^^^^^^^^^^^^^^^^
E       AttributeError: module 'owl.rs' has no attribute 'KaggricultureEnv'

tests/kaggriculture/test_native_env.py:47: AttributeError
______ test_every_destination_rejected_before_any_write[dtype-shop_type] _______

name = 'shop_type', kind = 'dtype'

    @pytest.mark.parametrize("name", DESTINATIONS)
    @pytest.mark.parametrize("kind", ["shape", "dtype", "readonly", "stride", "fortran", "unaligned", "overlap"])
    def test_every_destination_rejected_before_any_write(name: str, kind: str) -> None:
>       env = make_env(2)
              ^^^^^^^^^^^

tests/kaggriculture/test_native_env.py:75: 
_ _ _ _ _ _ _ _ _ _ _ _ _ _ _ _ _ _ _ _ _ _ _ _ _ _ _ _ _ _ _ _ _ _ _ _ _ _ _ _ 

n_envs = 2, seed = 11, stride = 2, config = '{}', threads = 1

    def make_env(n_envs: int = 1, seed: int = 11, stride: int = 2,
                 config: str = "{}", threads: int = 1) -> rs.KaggricultureEnv:
>       return rs.KaggricultureEnv(n_envs, seed, stride, config, REWARD, threads, hire_limit=241)
               ^^^^^^^^^^^^^^^^^^^
E       AttributeError: module 'owl.rs' has no attribute 'KaggricultureEnv'

tests/kaggriculture/test_native_env.py:47: AttributeError
______ test_every_destination_rejected_before_any_write[dtype-shop_slot] _______

name = 'shop_slot', kind = 'dtype'

    @pytest.mark.parametrize("name", DESTINATIONS)
    @pytest.mark.parametrize("kind", ["shape", "dtype", "readonly", "stride", "fortran", "unaligned", "overlap"])
    def test_every_destination_rejected_before_any_write(name: str, kind: str) -> None:
>       env = make_env(2)
              ^^^^^^^^^^^

tests/kaggriculture/test_native_env.py:75: 
_ _ _ _ _ _ _ _ _ _ _ _ _ _ _ _ _ _ _ _ _ _ _ _ _ _ _ _ _ _ _ _ _ _ _ _ _ _ _ _ 

n_envs = 2, seed = 11, stride = 2, config = '{}', threads = 1

    def make_env(n_envs: int = 1, seed: int = 11, stride: int = 2,
                 config: str = "{}", threads: int = 1) -> rs.KaggricultureEnv:
>       return rs.KaggricultureEnv(n_envs, seed, stride, config, REWARD, threads, hire_limit=241)
               ^^^^^^^^^^^^^^^^^^^
E       AttributeError: module 'owl.rs' has no attribute 'KaggricultureEnv'

tests/kaggriculture/test_native_env.py:47: AttributeError
______ test_every_destination_rejected_before_any_write[dtype-shop_mask] _______

name = 'shop_mask', kind = 'dtype'

    @pytest.mark.parametrize("name", DESTINATIONS)
    @pytest.mark.parametrize("kind", ["shape", "dtype", "readonly", "stride", "fortran", "unaligned", "overlap"])
    def test_every_destination_rejected_before_any_write(name: str, kind: str) -> None:
>       env = make_env(2)
              ^^^^^^^^^^^

tests/kaggriculture/test_native_env.py:75: 
_ _ _ _ _ _ _ _ _ _ _ _ _ _ _ _ _ _ _ _ _ _ _ _ _ _ _ _ _ _ _ _ _ _ _ _ _ _ _ _ 

n_envs = 2, seed = 11, stride = 2, config = '{}', threads = 1

    def make_env(n_envs: int = 1, seed: int = 11, stride: int = 2,
                 config: str = "{}", threads: int = 1) -> rs.KaggricultureEnv:
>       return rs.KaggricultureEnv(n_envs, seed, stride, config, REWARD, threads, hire_limit=241)
               ^^^^^^^^^^^^^^^^^^^
E       AttributeError: module 'owl.rs' has no attribute 'KaggricultureEnv'

tests/kaggriculture/test_native_env.py:47: AttributeError
____ test_every_destination_rejected_before_any_write[dtype-market_product] ____

name = 'market_product', kind = 'dtype'

    @pytest.mark.parametrize("name", DESTINATIONS)
    @pytest.mark.parametrize("kind", ["shape", "dtype", "readonly", "stride", "fortran", "unaligned", "overlap"])
    def test_every_destination_rejected_before_any_write(name: str, kind: str) -> None:
>       env = make_env(2)
              ^^^^^^^^^^^

tests/kaggriculture/test_native_env.py:75: 
_ _ _ _ _ _ _ _ _ _ _ _ _ _ _ _ _ _ _ _ _ _ _ _ _ _ _ _ _ _ _ _ _ _ _ _ _ _ _ _ 

n_envs = 2, seed = 11, stride = 2, config = '{}', threads = 1

    def make_env(n_envs: int = 1, seed: int = 11, stride: int = 2,
                 config: str = "{}", threads: int = 1) -> rs.KaggricultureEnv:
>       return rs.KaggricultureEnv(n_envs, seed, stride, config, REWARD, threads, hire_limit=241)
               ^^^^^^^^^^^^^^^^^^^
E       AttributeError: module 'owl.rs' has no attribute 'KaggricultureEnv'

tests/kaggriculture/test_native_env.py:47: AttributeError
_____ test_every_destination_rejected_before_any_write[dtype-market_float] _____

name = 'market_float', kind = 'dtype'

    @pytest.mark.parametrize("name", DESTINATIONS)
    @pytest.mark.parametrize("kind", ["shape", "dtype", "readonly", "stride", "fortran", "unaligned", "overlap"])
    def test_every_destination_rejected_before_any_write(name: str, kind: str) -> None:
>       env = make_env(2)
              ^^^^^^^^^^^

tests/kaggriculture/test_native_env.py:75: 
_ _ _ _ _ _ _ _ _ _ _ _ _ _ _ _ _ _ _ _ _ _ _ _ _ _ _ _ _ _ _ _ _ _ _ _ _ _ _ _ 

n_envs = 2, seed = 11, stride = 2, config = '{}', threads = 1

    def make_env(n_envs: int = 1, seed: int = 11, stride: int = 2,
                 config: str = "{}", threads: int = 1) -> rs.KaggricultureEnv:
>       return rs.KaggricultureEnv(n_envs, seed, stride, config, REWARD, threads, hire_limit=241)
               ^^^^^^^^^^^^^^^^^^^
E       AttributeError: module 'owl.rs' has no attribute 'KaggricultureEnv'

tests/kaggriculture/test_native_env.py:47: AttributeError
______ test_every_destination_rejected_before_any_write[dtype-market_int] ______

name = 'market_int', kind = 'dtype'

    @pytest.mark.parametrize("name", DESTINATIONS)
    @pytest.mark.parametrize("kind", ["shape", "dtype", "readonly", "stride", "fortran", "unaligned", "overlap"])
    def test_every_destination_rejected_before_any_write(name: str, kind: str) -> None:
>       env = make_env(2)
              ^^^^^^^^^^^

tests/kaggriculture/test_native_env.py:75: 
_ _ _ _ _ _ _ _ _ _ _ _ _ _ _ _ _ _ _ _ _ _ _ _ _ _ _ _ _ _ _ _ _ _ _ _ _ _ _ _ 

n_envs = 2, seed = 11, stride = 2, config = '{}', threads = 1

    def make_env(n_envs: int = 1, seed: int = 11, stride: int = 2,
                 config: str = "{}", threads: int = 1) -> rs.KaggricultureEnv:
>       return rs.KaggricultureEnv(n_envs, seed, stride, config, REWARD, threads, hire_limit=241)
               ^^^^^^^^^^^^^^^^^^^
E       AttributeError: module 'owl.rs' has no attribute 'KaggricultureEnv'

tests/kaggriculture/test_native_env.py:47: AttributeError
___ test_every_destination_rejected_before_any_write[dtype-global_features] ____

name = 'global_features', kind = 'dtype'

    @pytest.mark.parametrize("name", DESTINATIONS)
    @pytest.mark.parametrize("kind", ["shape", "dtype", "readonly", "stride", "fortran", "unaligned", "overlap"])
    def test_every_destination_rejected_before_any_write(name: str, kind: str) -> None:
>       env = make_env(2)
              ^^^^^^^^^^^

tests/kaggriculture/test_native_env.py:75: 
_ _ _ _ _ _ _ _ _ _ _ _ _ _ _ _ _ _ _ _ _ _ _ _ _ _ _ _ _ _ _ _ _ _ _ _ _ _ _ _ 

n_envs = 2, seed = 11, stride = 2, config = '{}', threads = 1

    def make_env(n_envs: int = 1, seed: int = 11, stride: int = 2,
                 config: str = "{}", threads: int = 1) -> rs.KaggricultureEnv:
>       return rs.KaggricultureEnv(n_envs, seed, stride, config, REWARD, threads, hire_limit=241)
               ^^^^^^^^^^^^^^^^^^^
E       AttributeError: module 'owl.rs' has no attribute 'KaggricultureEnv'

tests/kaggriculture/test_native_env.py:47: AttributeError
_____ test_every_destination_rejected_before_any_write[dtype-globals_int] ______

name = 'globals_int', kind = 'dtype'

    @pytest.mark.parametrize("name", DESTINATIONS)
    @pytest.mark.parametrize("kind", ["shape", "dtype", "readonly", "stride", "fortran", "unaligned", "overlap"])
    def test_every_destination_rejected_before_any_write(name: str, kind: str) -> None:
>       env = make_env(2)
              ^^^^^^^^^^^

tests/kaggriculture/test_native_env.py:75: 
_ _ _ _ _ _ _ _ _ _ _ _ _ _ _ _ _ _ _ _ _ _ _ _ _ _ _ _ _ _ _ _ _ _ _ _ _ _ _ _ 

n_envs = 2, seed = 11, stride = 2, config = '{}', threads = 1

    def make_env(n_envs: int = 1, seed: int = 11, stride: int = 2,
                 config: str = "{}", threads: int = 1) -> rs.KaggricultureEnv:
>       return rs.KaggricultureEnv(n_envs, seed, stride, config, REWARD, threads, hire_limit=241)
               ^^^^^^^^^^^^^^^^^^^
E       AttributeError: module 'owl.rs' has no attribute 'KaggricultureEnv'

tests/kaggriculture/test_native_env.py:47: AttributeError
____ test_every_destination_rejected_before_any_write[dtype-still_playing] _____

name = 'still_playing', kind = 'dtype'

    @pytest.mark.parametrize("name", DESTINATIONS)
    @pytest.mark.parametrize("kind", ["shape", "dtype", "readonly", "stride", "fortran", "unaligned", "overlap"])
    def test_every_destination_rejected_before_any_write(name: str, kind: str) -> None:
>       env = make_env(2)
              ^^^^^^^^^^^

tests/kaggriculture/test_native_env.py:75: 
_ _ _ _ _ _ _ _ _ _ _ _ _ _ _ _ _ _ _ _ _ _ _ _ _ _ _ _ _ _ _ _ _ _ _ _ _ _ _ _ 

n_envs = 2, seed = 11, stride = 2, config = '{}', threads = 1

    def make_env(n_envs: int = 1, seed: int = 11, stride: int = 2,
                 config: str = "{}", threads: int = 1) -> rs.KaggricultureEnv:
>       return rs.KaggricultureEnv(n_envs, seed, stride, config, REWARD, threads, hire_limit=241)
               ^^^^^^^^^^^^^^^^^^^
E       AttributeError: module 'owl.rs' has no attribute 'KaggricultureEnv'

tests/kaggriculture/test_native_env.py:47: AttributeError
_____ test_every_destination_rejected_before_any_write[dtype-order_limits] _____

name = 'order_limits', kind = 'dtype'

    @pytest.mark.parametrize("name", DESTINATIONS)
    @pytest.mark.parametrize("kind", ["shape", "dtype", "readonly", "stride", "fortran", "unaligned", "overlap"])
    def test_every_destination_rejected_before_any_write(name: str, kind: str) -> None:
>       env = make_env(2)
              ^^^^^^^^^^^

tests/kaggriculture/test_native_env.py:75: 
_ _ _ _ _ _ _ _ _ _ _ _ _ _ _ _ _ _ _ _ _ _ _ _ _ _ _ _ _ _ _ _ _ _ _ _ _ _ _ _ 

n_envs = 2, seed = 11, stride = 2, config = '{}', threads = 1

    def make_env(n_envs: int = 1, seed: int = 11, stride: int = 2,
                 config: str = "{}", threads: int = 1) -> rs.KaggricultureEnv:
>       return rs.KaggricultureEnv(n_envs, seed, stride, config, REWARD, threads, hire_limit=241)
               ^^^^^^^^^^^^^^^^^^^
E       AttributeError: module 'owl.rs' has no attribute 'KaggricultureEnv'

tests/kaggriculture/test_native_env.py:47: AttributeError
_______ test_every_destination_rejected_before_any_write[dtype-can_act] ________

name = 'can_act', kind = 'dtype'

    @pytest.mark.parametrize("name", DESTINATIONS)
    @pytest.mark.parametrize("kind", ["shape", "dtype", "readonly", "stride", "fortran", "unaligned", "overlap"])
    def test_every_destination_rejected_before_any_write(name: str, kind: str) -> None:
>       env = make_env(2)
              ^^^^^^^^^^^

tests/kaggriculture/test_native_env.py:75: 
_ _ _ _ _ _ _ _ _ _ _ _ _ _ _ _ _ _ _ _ _ _ _ _ _ _ _ _ _ _ _ _ _ _ _ _ _ _ _ _ 

n_envs = 2, seed = 11, stride = 2, config = '{}', threads = 1

    def make_env(n_envs: int = 1, seed: int = 11, stride: int = 2,
                 config: str = "{}", threads: int = 1) -> rs.KaggricultureEnv:
>       return rs.KaggricultureEnv(n_envs, seed, stride, config, REWARD, threads, hire_limit=241)
               ^^^^^^^^^^^^^^^^^^^
E       AttributeError: module 'owl.rs' has no attribute 'KaggricultureEnv'

tests/kaggriculture/test_native_env.py:47: AttributeError
_______ test_every_destination_rejected_before_any_write[dtype-rewards] ________

name = 'rewards', kind = 'dtype'

    @pytest.mark.parametrize("name", DESTINATIONS)
    @pytest.mark.parametrize("kind", ["shape", "dtype", "readonly", "stride", "fortran", "unaligned", "overlap"])
    def test_every_destination_rejected_before_any_write(name: str, kind: str) -> None:
>       env = make_env(2)
              ^^^^^^^^^^^

tests/kaggriculture/test_native_env.py:75: 
_ _ _ _ _ _ _ _ _ _ _ _ _ _ _ _ _ _ _ _ _ _ _ _ _ _ _ _ _ _ _ _ _ _ _ _ _ _ _ _ 

n_envs = 2, seed = 11, stride = 2, config = '{}', threads = 1

    def make_env(n_envs: int = 1, seed: int = 11, stride: int = 2,
                 config: str = "{}", threads: int = 1) -> rs.KaggricultureEnv:
>       return rs.KaggricultureEnv(n_envs, seed, stride, config, REWARD, threads, hire_limit=241)
               ^^^^^^^^^^^^^^^^^^^
E       AttributeError: module 'owl.rs' has no attribute 'KaggricultureEnv'

tests/kaggriculture/test_native_env.py:47: AttributeError
________ test_every_destination_rejected_before_any_write[dtype-dones] _________

name = 'dones', kind = 'dtype'

    @pytest.mark.parametrize("name", DESTINATIONS)
    @pytest.mark.parametrize("kind", ["shape", "dtype", "readonly", "stride", "fortran", "unaligned", "overlap"])
    def test_every_destination_rejected_before_any_write(name: str, kind: str) -> None:
>       env = make_env(2)
              ^^^^^^^^^^^

tests/kaggriculture/test_native_env.py:75: 
_ _ _ _ _ _ _ _ _ _ _ _ _ _ _ _ _ _ _ _ _ _ _ _ _ _ _ _ _ _ _ _ _ _ _ _ _ _ _ _ 

n_envs = 2, seed = 11, stride = 2, config = '{}', threads = 1

    def make_env(n_envs: int = 1, seed: int = 11, stride: int = 2,
                 config: str = "{}", threads: int = 1) -> rs.KaggricultureEnv:
>       return rs.KaggricultureEnv(n_envs, seed, stride, config, REWARD, threads, hire_limit=241)
               ^^^^^^^^^^^^^^^^^^^
E       AttributeError: module 'owl.rs' has no attribute 'KaggricultureEnv'

tests/kaggriculture/test_native_env.py:47: AttributeError
_ test_every_destination_rejected_before_any_write[dtype-transition_banks_before] _

name = 'transition_banks_before', kind = 'dtype'

    @pytest.mark.parametrize("name", DESTINATIONS)
    @pytest.mark.parametrize("kind", ["shape", "dtype", "readonly", "stride", "fortran", "unaligned", "overlap"])
    def test_every_destination_rejected_before_any_write(name: str, kind: str) -> None:
>       env = make_env(2)
              ^^^^^^^^^^^

tests/kaggriculture/test_native_env.py:75: 
_ _ _ _ _ _ _ _ _ _ _ _ _ _ _ _ _ _ _ _ _ _ _ _ _ _ _ _ _ _ _ _ _ _ _ _ _ _ _ _ 

n_envs = 2, seed = 11, stride = 2, config = '{}', threads = 1

    def make_env(n_envs: int = 1, seed: int = 11, stride: int = 2,
                 config: str = "{}", threads: int = 1) -> rs.KaggricultureEnv:
>       return rs.KaggricultureEnv(n_envs, seed, stride, config, REWARD, threads, hire_limit=241)
               ^^^^^^^^^^^^^^^^^^^
E       AttributeError: module 'owl.rs' has no attribute 'KaggricultureEnv'

tests/kaggriculture/test_native_env.py:47: AttributeError
_ test_every_destination_rejected_before_any_write[dtype-transition_banks_after] _

name = 'transition_banks_after', kind = 'dtype'

    @pytest.mark.parametrize("name", DESTINATIONS)
    @pytest.mark.parametrize("kind", ["shape", "dtype", "readonly", "stride", "fortran", "unaligned", "overlap"])
    def test_every_destination_rejected_before_any_write(name: str, kind: str) -> None:
>       env = make_env(2)
              ^^^^^^^^^^^

tests/kaggriculture/test_native_env.py:75: 
_ _ _ _ _ _ _ _ _ _ _ _ _ _ _ _ _ _ _ _ _ _ _ _ _ _ _ _ _ _ _ _ _ _ _ _ _ _ _ _ 

n_envs = 2, seed = 11, stride = 2, config = '{}', threads = 1

    def make_env(n_envs: int = 1, seed: int = 11, stride: int = 2,
                 config: str = "{}", threads: int = 1) -> rs.KaggricultureEnv:
>       return rs.KaggricultureEnv(n_envs, seed, stride, config, REWARD, threads, hire_limit=241)
               ^^^^^^^^^^^^^^^^^^^
E       AttributeError: module 'owl.rs' has no attribute 'KaggricultureEnv'

tests/kaggriculture/test_native_env.py:47: AttributeError
_ test_every_destination_rejected_before_any_write[dtype-transition_econ_before] _

name = 'transition_econ_before', kind = 'dtype'

    @pytest.mark.parametrize("name", DESTINATIONS)
    @pytest.mark.parametrize("kind", ["shape", "dtype", "readonly", "stride", "fortran", "unaligned", "overlap"])
    def test_every_destination_rejected_before_any_write(name: str, kind: str) -> None:
>       env = make_env(2)
              ^^^^^^^^^^^

tests/kaggriculture/test_native_env.py:75: 
_ _ _ _ _ _ _ _ _ _ _ _ _ _ _ _ _ _ _ _ _ _ _ _ _ _ _ _ _ _ _ _ _ _ _ _ _ _ _ _ 

n_envs = 2, seed = 11, stride = 2, config = '{}', threads = 1

    def make_env(n_envs: int = 1, seed: int = 11, stride: int = 2,
                 config: str = "{}", threads: int = 1) -> rs.KaggricultureEnv:
>       return rs.KaggricultureEnv(n_envs, seed, stride, config, REWARD, threads, hire_limit=241)
               ^^^^^^^^^^^^^^^^^^^
E       AttributeError: module 'owl.rs' has no attribute 'KaggricultureEnv'

tests/kaggriculture/test_native_env.py:47: AttributeError
_ test_every_destination_rejected_before_any_write[dtype-transition_econ_after] _

name = 'transition_econ_after', kind = 'dtype'

    @pytest.mark.parametrize("name", DESTINATIONS)
    @pytest.mark.parametrize("kind", ["shape", "dtype", "readonly", "stride", "fortran", "unaligned", "overlap"])
    def test_every_destination_rejected_before_any_write(name: str, kind: str) -> None:
>       env = make_env(2)
              ^^^^^^^^^^^

tests/kaggriculture/test_native_env.py:75: 
_ _ _ _ _ _ _ _ _ _ _ _ _ _ _ _ _ _ _ _ _ _ _ _ _ _ _ _ _ _ _ _ _ _ _ _ _ _ _ _ 

n_envs = 2, seed = 11, stride = 2, config = '{}', threads = 1

    def make_env(n_envs: int = 1, seed: int = 11, stride: int = 2,
                 config: str = "{}", threads: int = 1) -> rs.KaggricultureEnv:
>       return rs.KaggricultureEnv(n_envs, seed, stride, config, REWARD, threads, hire_limit=241)
               ^^^^^^^^^^^^^^^^^^^
E       AttributeError: module 'owl.rs' has no attribute 'KaggricultureEnv'

tests/kaggriculture/test_native_env.py:47: AttributeError
_____ test_every_destination_rejected_before_any_write[readonly-tile_kind] _____

name = 'tile_kind', kind = 'readonly'

    @pytest.mark.parametrize("name", DESTINATIONS)
    @pytest.mark.parametrize("kind", ["shape", "dtype", "readonly", "stride", "fortran", "unaligned", "overlap"])
    def test_every_destination_rejected_before_any_write(name: str, kind: str) -> None:
>       env = make_env(2)
              ^^^^^^^^^^^

tests/kaggriculture/test_native_env.py:75: 
_ _ _ _ _ _ _ _ _ _ _ _ _ _ _ _ _ _ _ _ _ _ _ _ _ _ _ _ _ _ _ _ _ _ _ _ _ _ _ _ 

n_envs = 2, seed = 11, stride = 2, config = '{}', threads = 1

    def make_env(n_envs: int = 1, seed: int = 11, stride: int = 2,
                 config: str = "{}", threads: int = 1) -> rs.KaggricultureEnv:
>       return rs.KaggricultureEnv(n_envs, seed, stride, config, REWARD, threads, hire_limit=241)
               ^^^^^^^^^^^^^^^^^^^
E       AttributeError: module 'owl.rs' has no attribute 'KaggricultureEnv'

tests/kaggriculture/test_native_env.py:47: AttributeError
_____ test_every_destination_rejected_before_any_write[readonly-tile_crop] _____

name = 'tile_crop', kind = 'readonly'

    @pytest.mark.parametrize("name", DESTINATIONS)
    @pytest.mark.parametrize("kind", ["shape", "dtype", "readonly", "stride", "fortran", "unaligned", "overlap"])
    def test_every_destination_rejected_before_any_write(name: str, kind: str) -> None:
>       env = make_env(2)
              ^^^^^^^^^^^

tests/kaggriculture/test_native_env.py:75: 
_ _ _ _ _ _ _ _ _ _ _ _ _ _ _ _ _ _ _ _ _ _ _ _ _ _ _ _ _ _ _ _ _ _ _ _ _ _ _ _ 

n_envs = 2, seed = 11, stride = 2, config = '{}', threads = 1

    def make_env(n_envs: int = 1, seed: int = 11, stride: int = 2,
                 config: str = "{}", threads: int = 1) -> rs.KaggricultureEnv:
>       return rs.KaggricultureEnv(n_envs, seed, stride, config, REWARD, threads, hire_limit=241)
               ^^^^^^^^^^^^^^^^^^^
E       AttributeError: module 'owl.rs' has no attribute 'KaggricultureEnv'

tests/kaggriculture/test_native_env.py:47: AttributeError
____ test_every_destination_rejected_before_any_write[readonly-tile_animal] ____

name = 'tile_animal', kind = 'readonly'

    @pytest.mark.parametrize("name", DESTINATIONS)
    @pytest.mark.parametrize("kind", ["shape", "dtype", "readonly", "stride", "fortran", "unaligned", "overlap"])
    def test_every_destination_rejected_before_any_write(name: str, kind: str) -> None:
>       env = make_env(2)
              ^^^^^^^^^^^

tests/kaggriculture/test_native_env.py:75: 
_ _ _ _ _ _ _ _ _ _ _ _ _ _ _ _ _ _ _ _ _ _ _ _ _ _ _ _ _ _ _ _ _ _ _ _ _ _ _ _ 

n_envs = 2, seed = 11, stride = 2, config = '{}', threads = 1

    def make_env(n_envs: int = 1, seed: int = 11, stride: int = 2,
                 config: str = "{}", threads: int = 1) -> rs.KaggricultureEnv:
>       return rs.KaggricultureEnv(n_envs, seed, stride, config, REWARD, threads, hire_limit=241)
               ^^^^^^^^^^^^^^^^^^^
E       AttributeError: module 'owl.rs' has no attribute 'KaggricultureEnv'

tests/kaggriculture/test_native_env.py:47: AttributeError
_____ test_every_destination_rejected_before_any_write[readonly-tile_cell] _____

name = 'tile_cell', kind = 'readonly'

    @pytest.mark.parametrize("name", DESTINATIONS)
    @pytest.mark.parametrize("kind", ["shape", "dtype", "readonly", "stride", "fortran", "unaligned", "overlap"])
    def test_every_destination_rejected_before_any_write(name: str, kind: str) -> None:
>       env = make_env(2)
              ^^^^^^^^^^^

tests/kaggriculture/test_native_env.py:75: 
_ _ _ _ _ _ _ _ _ _ _ _ _ _ _ _ _ _ _ _ _ _ _ _ _ _ _ _ _ _ _ _ _ _ _ _ _ _ _ _ 

n_envs = 2, seed = 11, stride = 2, config = '{}', threads = 1

    def make_env(n_envs: int = 1, seed: int = 11, stride: int = 2,
                 config: str = "{}", threads: int = 1) -> rs.KaggricultureEnv:
>       return rs.KaggricultureEnv(n_envs, seed, stride, config, REWARD, threads, hire_limit=241)
               ^^^^^^^^^^^^^^^^^^^
E       AttributeError: module 'owl.rs' has no attribute 'KaggricultureEnv'

tests/kaggriculture/test_native_env.py:47: AttributeError
_____ test_every_destination_rejected_before_any_write[readonly-tile_role] _____

name = 'tile_role', kind = 'readonly'

    @pytest.mark.parametrize("name", DESTINATIONS)
    @pytest.mark.parametrize("kind", ["shape", "dtype", "readonly", "stride", "fortran", "unaligned", "overlap"])
    def test_every_destination_rejected_before_any_write(name: str, kind: str) -> None:
>       env = make_env(2)
              ^^^^^^^^^^^

tests/kaggriculture/test_native_env.py:75: 
_ _ _ _ _ _ _ _ _ _ _ _ _ _ _ _ _ _ _ _ _ _ _ _ _ _ _ _ _ _ _ _ _ _ _ _ _ _ _ _ 

n_envs = 2, seed = 11, stride = 2, config = '{}', threads = 1

    def make_env(n_envs: int = 1, seed: int = 11, stride: int = 2,
                 config: str = "{}", threads: int = 1) -> rs.KaggricultureEnv:
>       return rs.KaggricultureEnv(n_envs, seed, stride, config, REWARD, threads, hire_limit=241)
               ^^^^^^^^^^^^^^^^^^^
E       AttributeError: module 'owl.rs' has no attribute 'KaggricultureEnv'

tests/kaggriculture/test_native_env.py:47: AttributeError
_____ test_every_destination_rejected_before_any_write[readonly-tiles_int] _____

name = 'tiles_int', kind = 'readonly'

    @pytest.mark.parametrize("name", DESTINATIONS)
    @pytest.mark.parametrize("kind", ["shape", "dtype", "readonly", "stride", "fortran", "unaligned", "overlap"])
    def test_every_destination_rejected_before_any_write(name: str, kind: str) -> None:
>       env = make_env(2)
              ^^^^^^^^^^^

tests/kaggriculture/test_native_env.py:75: 
_ _ _ _ _ _ _ _ _ _ _ _ _ _ _ _ _ _ _ _ _ _ _ _ _ _ _ _ _ _ _ _ _ _ _ _ _ _ _ _ 

n_envs = 2, seed = 11, stride = 2, config = '{}', threads = 1

    def make_env(n_envs: int = 1, seed: int = 11, stride: int = 2,
                 config: str = "{}", threads: int = 1) -> rs.KaggricultureEnv:
>       return rs.KaggricultureEnv(n_envs, seed, stride, config, REWARD, threads, hire_limit=241)
               ^^^^^^^^^^^^^^^^^^^
E       AttributeError: module 'owl.rs' has no attribute 'KaggricultureEnv'

tests/kaggriculture/test_native_env.py:47: AttributeError
____ test_every_destination_rejected_before_any_write[readonly-tiles_float] ____

name = 'tiles_float', kind = 'readonly'

    @pytest.mark.parametrize("name", DESTINATIONS)
    @pytest.mark.parametrize("kind", ["shape", "dtype", "readonly", "stride", "fortran", "unaligned", "overlap"])
    def test_every_destination_rejected_before_any_write(name: str, kind: str) -> None:
>       env = make_env(2)
              ^^^^^^^^^^^

tests/kaggriculture/test_native_env.py:75: 
_ _ _ _ _ _ _ _ _ _ _ _ _ _ _ _ _ _ _ _ _ _ _ _ _ _ _ _ _ _ _ _ _ _ _ _ _ _ _ _ 

n_envs = 2, seed = 11, stride = 2, config = '{}', threads = 1

    def make_env(n_envs: int = 1, seed: int = 11, stride: int = 2,
                 config: str = "{}", threads: int = 1) -> rs.KaggricultureEnv:
>       return rs.KaggricultureEnv(n_envs, seed, stride, config, REWARD, threads, hire_limit=241)
               ^^^^^^^^^^^^^^^^^^^
E       AttributeError: module 'owl.rs' has no attribute 'KaggricultureEnv'

tests/kaggriculture/test_native_env.py:47: AttributeError
____ test_every_destination_rejected_before_any_write[readonly-actor_slot] _____

name = 'actor_slot', kind = 'readonly'

    @pytest.mark.parametrize("name", DESTINATIONS)
    @pytest.mark.parametrize("kind", ["shape", "dtype", "readonly", "stride", "fortran", "unaligned", "overlap"])
    def test_every_destination_rejected_before_any_write(name: str, kind: str) -> None:
>       env = make_env(2)
              ^^^^^^^^^^^

tests/kaggriculture/test_native_env.py:75: 
_ _ _ _ _ _ _ _ _ _ _ _ _ _ _ _ _ _ _ _ _ _ _ _ _ _ _ _ _ _ _ _ _ _ _ _ _ _ _ _ 

n_envs = 2, seed = 11, stride = 2, config = '{}', threads = 1

    def make_env(n_envs: int = 1, seed: int = 11, stride: int = 2,
                 config: str = "{}", threads: int = 1) -> rs.KaggricultureEnv:
>       return rs.KaggricultureEnv(n_envs, seed, stride, config, REWARD, threads, hire_limit=241)
               ^^^^^^^^^^^^^^^^^^^
E       AttributeError: module 'owl.rs' has no attribute 'KaggricultureEnv'

tests/kaggriculture/test_native_env.py:47: AttributeError
____ test_every_destination_rejected_before_any_write[readonly-actor_cell] _____

name = 'actor_cell', kind = 'readonly'

    @pytest.mark.parametrize("name", DESTINATIONS)
    @pytest.mark.parametrize("kind", ["shape", "dtype", "readonly", "stride", "fortran", "unaligned", "overlap"])
    def test_every_destination_rejected_before_any_write(name: str, kind: str) -> None:
>       env = make_env(2)
              ^^^^^^^^^^^

tests/kaggriculture/test_native_env.py:75: 
_ _ _ _ _ _ _ _ _ _ _ _ _ _ _ _ _ _ _ _ _ _ _ _ _ _ _ _ _ _ _ _ _ _ _ _ _ _ _ _ 

n_envs = 2, seed = 11, stride = 2, config = '{}', threads = 1

    def make_env(n_envs: int = 1, seed: int = 11, stride: int = 2,
                 config: str = "{}", threads: int = 1) -> rs.KaggricultureEnv:
>       return rs.KaggricultureEnv(n_envs, seed, stride, config, REWARD, threads, hire_limit=241)
               ^^^^^^^^^^^^^^^^^^^
E       AttributeError: module 'owl.rs' has no attribute 'KaggricultureEnv'

tests/kaggriculture/test_native_env.py:47: AttributeError
____ test_every_destination_rejected_before_any_write[readonly-actor_role] _____

name = 'actor_role', kind = 'readonly'

    @pytest.mark.parametrize("name", DESTINATIONS)
    @pytest.mark.parametrize("kind", ["shape", "dtype", "readonly", "stride", "fortran", "unaligned", "overlap"])
    def test_every_destination_rejected_before_any_write(name: str, kind: str) -> None:
>       env = make_env(2)
              ^^^^^^^^^^^

tests/kaggriculture/test_native_env.py:75: 
_ _ _ _ _ _ _ _ _ _ _ _ _ _ _ _ _ _ _ _ _ _ _ _ _ _ _ _ _ _ _ _ _ _ _ _ _ _ _ _ 

n_envs = 2, seed = 11, stride = 2, config = '{}', threads = 1

    def make_env(n_envs: int = 1, seed: int = 11, stride: int = 2,
                 config: str = "{}", threads: int = 1) -> rs.KaggricultureEnv:
>       return rs.KaggricultureEnv(n_envs, seed, stride, config, REWARD, threads, hire_limit=241)
               ^^^^^^^^^^^^^^^^^^^
E       AttributeError: module 'owl.rs' has no attribute 'KaggricultureEnv'

tests/kaggriculture/test_native_env.py:47: AttributeError
____ test_every_destination_rejected_before_any_write[readonly-actor_mask] _____

name = 'actor_mask', kind = 'readonly'

    @pytest.mark.parametrize("name", DESTINATIONS)
    @pytest.mark.parametrize("kind", ["shape", "dtype", "readonly", "stride", "fortran", "unaligned", "overlap"])
    def test_every_destination_rejected_before_any_write(name: str, kind: str) -> None:
>       env = make_env(2)
              ^^^^^^^^^^^

tests/kaggriculture/test_native_env.py:75: 
_ _ _ _ _ _ _ _ _ _ _ _ _ _ _ _ _ _ _ _ _ _ _ _ _ _ _ _ _ _ _ _ _ _ _ _ _ _ _ _ 

n_envs = 2, seed = 11, stride = 2, config = '{}', threads = 1

    def make_env(n_envs: int = 1, seed: int = 11, stride: int = 2,
                 config: str = "{}", threads: int = 1) -> rs.KaggricultureEnv:
>       return rs.KaggricultureEnv(n_envs, seed, stride, config, REWARD, threads, hire_limit=241)
               ^^^^^^^^^^^^^^^^^^^
E       AttributeError: module 'owl.rs' has no attribute 'KaggricultureEnv'

tests/kaggriculture/test_native_env.py:47: AttributeError
__ test_every_destination_rejected_before_any_write[readonly-actor_inventory] __

name = 'actor_inventory', kind = 'readonly'

    @pytest.mark.parametrize("name", DESTINATIONS)
    @pytest.mark.parametrize("kind", ["shape", "dtype", "readonly", "stride", "fortran", "unaligned", "overlap"])
    def test_every_destination_rejected_before_any_write(name: str, kind: str) -> None:
>       env = make_env(2)
              ^^^^^^^^^^^

tests/kaggriculture/test_native_env.py:75: 
_ _ _ _ _ _ _ _ _ _ _ _ _ _ _ _ _ _ _ _ _ _ _ _ _ _ _ _ _ _ _ _ _ _ _ _ _ _ _ _ 

n_envs = 2, seed = 11, stride = 2, config = '{}', threads = 1

    def make_env(n_envs: int = 1, seed: int = 11, stride: int = 2,
                 config: str = "{}", threads: int = 1) -> rs.KaggricultureEnv:
>       return rs.KaggricultureEnv(n_envs, seed, stride, config, REWARD, threads, hire_limit=241)
               ^^^^^^^^^^^^^^^^^^^
E       AttributeError: module 'owl.rs' has no attribute 'KaggricultureEnv'

tests/kaggriculture/test_native_env.py:47: AttributeError
_ test_every_destination_rejected_before_any_write[readonly-actor_inventory_rank] _

name = 'actor_inventory_rank', kind = 'readonly'

    @pytest.mark.parametrize("name", DESTINATIONS)
    @pytest.mark.parametrize("kind", ["shape", "dtype", "readonly", "stride", "fortran", "unaligned", "overlap"])
    def test_every_destination_rejected_before_any_write(name: str, kind: str) -> None:
>       env = make_env(2)
              ^^^^^^^^^^^

tests/kaggriculture/test_native_env.py:75: 
_ _ _ _ _ _ _ _ _ _ _ _ _ _ _ _ _ _ _ _ _ _ _ _ _ _ _ _ _ _ _ _ _ _ _ _ _ _ _ _ 

n_envs = 2, seed = 11, stride = 2, config = '{}', threads = 1

    def make_env(n_envs: int = 1, seed: int = 11, stride: int = 2,
                 config: str = "{}", threads: int = 1) -> rs.KaggricultureEnv:
>       return rs.KaggricultureEnv(n_envs, seed, stride, config, REWARD, threads, hire_limit=241)
               ^^^^^^^^^^^^^^^^^^^
E       AttributeError: module 'owl.rs' has no attribute 'KaggricultureEnv'

tests/kaggriculture/test_native_env.py:47: AttributeError
___ test_every_destination_rejected_before_any_write[readonly-actors_float] ____

name = 'actors_float', kind = 'readonly'

    @pytest.mark.parametrize("name", DESTINATIONS)
    @pytest.mark.parametrize("kind", ["shape", "dtype", "readonly", "stride", "fortran", "unaligned", "overlap"])
    def test_every_destination_rejected_before_any_write(name: str, kind: str) -> None:
>       env = make_env(2)
              ^^^^^^^^^^^

tests/kaggriculture/test_native_env.py:75: 
_ _ _ _ _ _ _ _ _ _ _ _ _ _ _ _ _ _ _ _ _ _ _ _ _ _ _ _ _ _ _ _ _ _ _ _ _ _ _ _ 

n_envs = 2, seed = 11, stride = 2, config = '{}', threads = 1

    def make_env(n_envs: int = 1, seed: int = 11, stride: int = 2,
                 config: str = "{}", threads: int = 1) -> rs.KaggricultureEnv:
>       return rs.KaggricultureEnv(n_envs, seed, stride, config, REWARD, threads, hire_limit=241)
               ^^^^^^^^^^^^^^^^^^^
E       AttributeError: module 'owl.rs' has no attribute 'KaggricultureEnv'

tests/kaggriculture/test_native_env.py:47: AttributeError
__ test_every_destination_rejected_before_any_write[readonly-player_features] __

name = 'player_features', kind = 'readonly'

    @pytest.mark.parametrize("name", DESTINATIONS)
    @pytest.mark.parametrize("kind", ["shape", "dtype", "readonly", "stride", "fortran", "unaligned", "overlap"])
    def test_every_destination_rejected_before_any_write(name: str, kind: str) -> None:
>       env = make_env(2)
              ^^^^^^^^^^^

tests/kaggriculture/test_native_env.py:75: 
_ _ _ _ _ _ _ _ _ _ _ _ _ _ _ _ _ _ _ _ _ _ _ _ _ _ _ _ _ _ _ _ _ _ _ _ _ _ _ _ 

n_envs = 2, seed = 11, stride = 2, config = '{}', threads = 1

    def make_env(n_envs: int = 1, seed: int = 11, stride: int = 2,
                 config: str = "{}", threads: int = 1) -> rs.KaggricultureEnv:
>       return rs.KaggricultureEnv(n_envs, seed, stride, config, REWARD, threads, hire_limit=241)
               ^^^^^^^^^^^^^^^^^^^
E       AttributeError: module 'owl.rs' has no attribute 'KaggricultureEnv'

tests/kaggriculture/test_native_env.py:47: AttributeError
__ test_every_destination_rejected_before_any_write[readonly-storage_counts] ___

name = 'storage_counts', kind = 'readonly'

    @pytest.mark.parametrize("name", DESTINATIONS)
    @pytest.mark.parametrize("kind", ["shape", "dtype", "readonly", "stride", "fortran", "unaligned", "overlap"])
    def test_every_destination_rejected_before_any_write(name: str, kind: str) -> None:
>       env = make_env(2)
              ^^^^^^^^^^^

tests/kaggriculture/test_native_env.py:75: 
_ _ _ _ _ _ _ _ _ _ _ _ _ _ _ _ _ _ _ _ _ _ _ _ _ _ _ _ _ _ _ _ _ _ _ _ _ _ _ _ 

n_envs = 2, seed = 11, stride = 2, config = '{}', threads = 1

    def make_env(n_envs: int = 1, seed: int = 11, stride: int = 2,
                 config: str = "{}", threads: int = 1) -> rs.KaggricultureEnv:
>       return rs.KaggricultureEnv(n_envs, seed, stride, config, REWARD, threads, hire_limit=241)
               ^^^^^^^^^^^^^^^^^^^
E       AttributeError: module 'owl.rs' has no attribute 'KaggricultureEnv'

tests/kaggriculture/test_native_env.py:47: AttributeError
___ test_every_destination_rejected_before_any_write[readonly-storage_rank] ____

name = 'storage_rank', kind = 'readonly'

    @pytest.mark.parametrize("name", DESTINATIONS)
    @pytest.mark.parametrize("kind", ["shape", "dtype", "readonly", "stride", "fortran", "unaligned", "overlap"])
    def test_every_destination_rejected_before_any_write(name: str, kind: str) -> None:
>       env = make_env(2)
              ^^^^^^^^^^^

tests/kaggriculture/test_native_env.py:75: 
_ _ _ _ _ _ _ _ _ _ _ _ _ _ _ _ _ _ _ _ _ _ _ _ _ _ _ _ _ _ _ _ _ _ _ _ _ _ _ _ 

n_envs = 2, seed = 11, stride = 2, config = '{}', threads = 1

    def make_env(n_envs: int = 1, seed: int = 11, stride: int = 2,
                 config: str = "{}", threads: int = 1) -> rs.KaggricultureEnv:
>       return rs.KaggricultureEnv(n_envs, seed, stride, config, REWARD, threads, hire_limit=241)
               ^^^^^^^^^^^^^^^^^^^
E       AttributeError: module 'owl.rs' has no attribute 'KaggricultureEnv'

tests/kaggriculture/test_native_env.py:47: AttributeError
_______ test_every_destination_rejected_before_any_write[readonly-banks] _______

name = 'banks', kind = 'readonly'

    @pytest.mark.parametrize("name", DESTINATIONS)
    @pytest.mark.parametrize("kind", ["shape", "dtype", "readonly", "stride", "fortran", "unaligned", "overlap"])
    def test_every_destination_rejected_before_any_write(name: str, kind: str) -> None:
>       env = make_env(2)
              ^^^^^^^^^^^

tests/kaggriculture/test_native_env.py:75: 
_ _ _ _ _ _ _ _ _ _ _ _ _ _ _ _ _ _ _ _ _ _ _ _ _ _ _ _ _ _ _ _ _ _ _ _ _ _ _ _ 

n_envs = 2, seed = 11, stride = 2, config = '{}', threads = 1

    def make_env(n_envs: int = 1, seed: int = 11, stride: int = 2,
                 config: str = "{}", threads: int = 1) -> rs.KaggricultureEnv:
>       return rs.KaggricultureEnv(n_envs, seed, stride, config, REWARD, threads, hire_limit=241)
               ^^^^^^^^^^^^^^^^^^^
E       AttributeError: module 'owl.rs' has no attribute 'KaggricultureEnv'

tests/kaggriculture/test_native_env.py:47: AttributeError
_____ test_every_destination_rejected_before_any_write[readonly-shop_type] _____

name = 'shop_type', kind = 'readonly'

    @pytest.mark.parametrize("name", DESTINATIONS)
    @pytest.mark.parametrize("kind", ["shape", "dtype", "readonly", "stride", "fortran", "unaligned", "overlap"])
    def test_every_destination_rejected_before_any_write(name: str, kind: str) -> None:
>       env = make_env(2)
              ^^^^^^^^^^^

tests/kaggriculture/test_native_env.py:75: 
_ _ _ _ _ _ _ _ _ _ _ _ _ _ _ _ _ _ _ _ _ _ _ _ _ _ _ _ _ _ _ _ _ _ _ _ _ _ _ _ 

n_envs = 2, seed = 11, stride = 2, config = '{}', threads = 1

    def make_env(n_envs: int = 1, seed: int = 11, stride: int = 2,
                 config: str = "{}", threads: int = 1) -> rs.KaggricultureEnv:
>       return rs.KaggricultureEnv(n_envs, seed, stride, config, REWARD, threads, hire_limit=241)
               ^^^^^^^^^^^^^^^^^^^
E       AttributeError: module 'owl.rs' has no attribute 'KaggricultureEnv'

tests/kaggriculture/test_native_env.py:47: AttributeError
_____ test_every_destination_rejected_before_any_write[readonly-shop_slot] _____

name = 'shop_slot', kind = 'readonly'

    @pytest.mark.parametrize("name", DESTINATIONS)
    @pytest.mark.parametrize("kind", ["shape", "dtype", "readonly", "stride", "fortran", "unaligned", "overlap"])
    def test_every_destination_rejected_before_any_write(name: str, kind: str) -> None:
>       env = make_env(2)
              ^^^^^^^^^^^

tests/kaggriculture/test_native_env.py:75: 
_ _ _ _ _ _ _ _ _ _ _ _ _ _ _ _ _ _ _ _ _ _ _ _ _ _ _ _ _ _ _ _ _ _ _ _ _ _ _ _ 

n_envs = 2, seed = 11, stride = 2, config = '{}', threads = 1

    def make_env(n_envs: int = 1, seed: int = 11, stride: int = 2,
                 config: str = "{}", threads: int = 1) -> rs.KaggricultureEnv:
>       return rs.KaggricultureEnv(n_envs, seed, stride, config, REWARD, threads, hire_limit=241)
               ^^^^^^^^^^^^^^^^^^^
E       AttributeError: module 'owl.rs' has no attribute 'KaggricultureEnv'

tests/kaggriculture/test_native_env.py:47: AttributeError
_____ test_every_destination_rejected_before_any_write[readonly-shop_mask] _____

name = 'shop_mask', kind = 'readonly'

    @pytest.mark.parametrize("name", DESTINATIONS)
    @pytest.mark.parametrize("kind", ["shape", "dtype", "readonly", "stride", "fortran", "unaligned", "overlap"])
    def test_every_destination_rejected_before_any_write(name: str, kind: str) -> None:
>       env = make_env(2)
              ^^^^^^^^^^^

tests/kaggriculture/test_native_env.py:75: 
_ _ _ _ _ _ _ _ _ _ _ _ _ _ _ _ _ _ _ _ _ _ _ _ _ _ _ _ _ _ _ _ _ _ _ _ _ _ _ _ 

n_envs = 2, seed = 11, stride = 2, config = '{}', threads = 1

    def make_env(n_envs: int = 1, seed: int = 11, stride: int = 2,
                 config: str = "{}", threads: int = 1) -> rs.KaggricultureEnv:
>       return rs.KaggricultureEnv(n_envs, seed, stride, config, REWARD, threads, hire_limit=241)
               ^^^^^^^^^^^^^^^^^^^
E       AttributeError: module 'owl.rs' has no attribute 'KaggricultureEnv'

tests/kaggriculture/test_native_env.py:47: AttributeError
__ test_every_destination_rejected_before_any_write[readonly-market_product] ___

name = 'market_product', kind = 'readonly'

    @pytest.mark.parametrize("name", DESTINATIONS)
    @pytest.mark.parametrize("kind", ["shape", "dtype", "readonly", "stride", "fortran", "unaligned", "overlap"])
    def test_every_destination_rejected_before_any_write(name: str, kind: str) -> None:
>       env = make_env(2)
              ^^^^^^^^^^^

tests/kaggriculture/test_native_env.py:75: 
_ _ _ _ _ _ _ _ _ _ _ _ _ _ _ _ _ _ _ _ _ _ _ _ _ _ _ _ _ _ _ _ _ _ _ _ _ _ _ _ 

n_envs = 2, seed = 11, stride = 2, config = '{}', threads = 1

    def make_env(n_envs: int = 1, seed: int = 11, stride: int = 2,
                 config: str = "{}", threads: int = 1) -> rs.KaggricultureEnv:
>       return rs.KaggricultureEnv(n_envs, seed, stride, config, REWARD, threads, hire_limit=241)
               ^^^^^^^^^^^^^^^^^^^
E       AttributeError: module 'owl.rs' has no attribute 'KaggricultureEnv'

tests/kaggriculture/test_native_env.py:47: AttributeError
___ test_every_destination_rejected_before_any_write[readonly-market_float] ____

name = 'market_float', kind = 'readonly'

    @pytest.mark.parametrize("name", DESTINATIONS)
    @pytest.mark.parametrize("kind", ["shape", "dtype", "readonly", "stride", "fortran", "unaligned", "overlap"])
    def test_every_destination_rejected_before_any_write(name: str, kind: str) -> None:
>       env = make_env(2)
              ^^^^^^^^^^^

tests/kaggriculture/test_native_env.py:75: 
_ _ _ _ _ _ _ _ _ _ _ _ _ _ _ _ _ _ _ _ _ _ _ _ _ _ _ _ _ _ _ _ _ _ _ _ _ _ _ _ 

n_envs = 2, seed = 11, stride = 2, config = '{}', threads = 1

    def make_env(n_envs: int = 1, seed: int = 11, stride: int = 2,
                 config: str = "{}", threads: int = 1) -> rs.KaggricultureEnv:
>       return rs.KaggricultureEnv(n_envs, seed, stride, config, REWARD, threads, hire_limit=241)
               ^^^^^^^^^^^^^^^^^^^
E       AttributeError: module 'owl.rs' has no attribute 'KaggricultureEnv'

tests/kaggriculture/test_native_env.py:47: AttributeError
____ test_every_destination_rejected_before_any_write[readonly-market_int] _____

name = 'market_int', kind = 'readonly'

    @pytest.mark.parametrize("name", DESTINATIONS)
    @pytest.mark.parametrize("kind", ["shape", "dtype", "readonly", "stride", "fortran", "unaligned", "overlap"])
    def test_every_destination_rejected_before_any_write(name: str, kind: str) -> None:
>       env = make_env(2)
              ^^^^^^^^^^^

tests/kaggriculture/test_native_env.py:75: 
_ _ _ _ _ _ _ _ _ _ _ _ _ _ _ _ _ _ _ _ _ _ _ _ _ _ _ _ _ _ _ _ _ _ _ _ _ _ _ _ 

n_envs = 2, seed = 11, stride = 2, config = '{}', threads = 1

    def make_env(n_envs: int = 1, seed: int = 11, stride: int = 2,
                 config: str = "{}", threads: int = 1) -> rs.KaggricultureEnv:
>       return rs.KaggricultureEnv(n_envs, seed, stride, config, REWARD, threads, hire_limit=241)
               ^^^^^^^^^^^^^^^^^^^
E       AttributeError: module 'owl.rs' has no attribute 'KaggricultureEnv'

tests/kaggriculture/test_native_env.py:47: AttributeError
__ test_every_destination_rejected_before_any_write[readonly-global_features] __

name = 'global_features', kind = 'readonly'

    @pytest.mark.parametrize("name", DESTINATIONS)
    @pytest.mark.parametrize("kind", ["shape", "dtype", "readonly", "stride", "fortran", "unaligned", "overlap"])
    def test_every_destination_rejected_before_any_write(name: str, kind: str) -> None:
>       env = make_env(2)
              ^^^^^^^^^^^

tests/kaggriculture/test_native_env.py:75: 
_ _ _ _ _ _ _ _ _ _ _ _ _ _ _ _ _ _ _ _ _ _ _ _ _ _ _ _ _ _ _ _ _ _ _ _ _ _ _ _ 

n_envs = 2, seed = 11, stride = 2, config = '{}', threads = 1

    def make_env(n_envs: int = 1, seed: int = 11, stride: int = 2,
                 config: str = "{}", threads: int = 1) -> rs.KaggricultureEnv:
>       return rs.KaggricultureEnv(n_envs, seed, stride, config, REWARD, threads, hire_limit=241)
               ^^^^^^^^^^^^^^^^^^^
E       AttributeError: module 'owl.rs' has no attribute 'KaggricultureEnv'

tests/kaggriculture/test_native_env.py:47: AttributeError
____ test_every_destination_rejected_before_any_write[readonly-globals_int] ____

name = 'globals_int', kind = 'readonly'

    @pytest.mark.parametrize("name", DESTINATIONS)
    @pytest.mark.parametrize("kind", ["shape", "dtype", "readonly", "stride", "fortran", "unaligned", "overlap"])
    def test_every_destination_rejected_before_any_write(name: str, kind: str) -> None:
>       env = make_env(2)
              ^^^^^^^^^^^

tests/kaggriculture/test_native_env.py:75: 
_ _ _ _ _ _ _ _ _ _ _ _ _ _ _ _ _ _ _ _ _ _ _ _ _ _ _ _ _ _ _ _ _ _ _ _ _ _ _ _ 

n_envs = 2, seed = 11, stride = 2, config = '{}', threads = 1

    def make_env(n_envs: int = 1, seed: int = 11, stride: int = 2,
                 config: str = "{}", threads: int = 1) -> rs.KaggricultureEnv:
>       return rs.KaggricultureEnv(n_envs, seed, stride, config, REWARD, threads, hire_limit=241)
               ^^^^^^^^^^^^^^^^^^^
E       AttributeError: module 'owl.rs' has no attribute 'KaggricultureEnv'

tests/kaggriculture/test_native_env.py:47: AttributeError
___ test_every_destination_rejected_before_any_write[readonly-still_playing] ___

name = 'still_playing', kind = 'readonly'

    @pytest.mark.parametrize("name", DESTINATIONS)
    @pytest.mark.parametrize("kind", ["shape", "dtype", "readonly", "stride", "fortran", "unaligned", "overlap"])
    def test_every_destination_rejected_before_any_write(name: str, kind: str) -> None:
>       env = make_env(2)
              ^^^^^^^^^^^

tests/kaggriculture/test_native_env.py:75: 
_ _ _ _ _ _ _ _ _ _ _ _ _ _ _ _ _ _ _ _ _ _ _ _ _ _ _ _ _ _ _ _ _ _ _ _ _ _ _ _ 

n_envs = 2, seed = 11, stride = 2, config = '{}', threads = 1

    def make_env(n_envs: int = 1, seed: int = 11, stride: int = 2,
                 config: str = "{}", threads: int = 1) -> rs.KaggricultureEnv:
>       return rs.KaggricultureEnv(n_envs, seed, stride, config, REWARD, threads, hire_limit=241)
               ^^^^^^^^^^^^^^^^^^^
E       AttributeError: module 'owl.rs' has no attribute 'KaggricultureEnv'

tests/kaggriculture/test_native_env.py:47: AttributeError
___ test_every_destination_rejected_before_any_write[readonly-order_limits] ____

name = 'order_limits', kind = 'readonly'

    @pytest.mark.parametrize("name", DESTINATIONS)
    @pytest.mark.parametrize("kind", ["shape", "dtype", "readonly", "stride", "fortran", "unaligned", "overlap"])
    def test_every_destination_rejected_before_any_write(name: str, kind: str) -> None:
>       env = make_env(2)
              ^^^^^^^^^^^

tests/kaggriculture/test_native_env.py:75: 
_ _ _ _ _ _ _ _ _ _ _ _ _ _ _ _ _ _ _ _ _ _ _ _ _ _ _ _ _ _ _ _ _ _ _ _ _ _ _ _ 

n_envs = 2, seed = 11, stride = 2, config = '{}', threads = 1

    def make_env(n_envs: int = 1, seed: int = 11, stride: int = 2,
                 config: str = "{}", threads: int = 1) -> rs.KaggricultureEnv:
>       return rs.KaggricultureEnv(n_envs, seed, stride, config, REWARD, threads, hire_limit=241)
               ^^^^^^^^^^^^^^^^^^^
E       AttributeError: module 'owl.rs' has no attribute 'KaggricultureEnv'

tests/kaggriculture/test_native_env.py:47: AttributeError
______ test_every_destination_rejected_before_any_write[readonly-can_act] ______

name = 'can_act', kind = 'readonly'

    @pytest.mark.parametrize("name", DESTINATIONS)
    @pytest.mark.parametrize("kind", ["shape", "dtype", "readonly", "stride", "fortran", "unaligned", "overlap"])
    def test_every_destination_rejected_before_any_write(name: str, kind: str) -> None:
>       env = make_env(2)
              ^^^^^^^^^^^

tests/kaggriculture/test_native_env.py:75: 
_ _ _ _ _ _ _ _ _ _ _ _ _ _ _ _ _ _ _ _ _ _ _ _ _ _ _ _ _ _ _ _ _ _ _ _ _ _ _ _ 

n_envs = 2, seed = 11, stride = 2, config = '{}', threads = 1

    def make_env(n_envs: int = 1, seed: int = 11, stride: int = 2,
                 config: str = "{}", threads: int = 1) -> rs.KaggricultureEnv:
>       return rs.KaggricultureEnv(n_envs, seed, stride, config, REWARD, threads, hire_limit=241)
               ^^^^^^^^^^^^^^^^^^^
E       AttributeError: module 'owl.rs' has no attribute 'KaggricultureEnv'

tests/kaggriculture/test_native_env.py:47: AttributeError
______ test_every_destination_rejected_before_any_write[readonly-rewards] ______

name = 'rewards', kind = 'readonly'

    @pytest.mark.parametrize("name", DESTINATIONS)
    @pytest.mark.parametrize("kind", ["shape", "dtype", "readonly", "stride", "fortran", "unaligned", "overlap"])
    def test_every_destination_rejected_before_any_write(name: str, kind: str) -> None:
>       env = make_env(2)
              ^^^^^^^^^^^

tests/kaggriculture/test_native_env.py:75: 
_ _ _ _ _ _ _ _ _ _ _ _ _ _ _ _ _ _ _ _ _ _ _ _ _ _ _ _ _ _ _ _ _ _ _ _ _ _ _ _ 

n_envs = 2, seed = 11, stride = 2, config = '{}', threads = 1

    def make_env(n_envs: int = 1, seed: int = 11, stride: int = 2,
                 config: str = "{}", threads: int = 1) -> rs.KaggricultureEnv:
>       return rs.KaggricultureEnv(n_envs, seed, stride, config, REWARD, threads, hire_limit=241)
               ^^^^^^^^^^^^^^^^^^^
E       AttributeError: module 'owl.rs' has no attribute 'KaggricultureEnv'

tests/kaggriculture/test_native_env.py:47: AttributeError
_______ test_every_destination_rejected_before_any_write[readonly-dones] _______

name = 'dones', kind = 'readonly'

    @pytest.mark.parametrize("name", DESTINATIONS)
    @pytest.mark.parametrize("kind", ["shape", "dtype", "readonly", "stride", "fortran", "unaligned", "overlap"])
    def test_every_destination_rejected_before_any_write(name: str, kind: str) -> None:
>       env = make_env(2)
              ^^^^^^^^^^^

tests/kaggriculture/test_native_env.py:75: 
_ _ _ _ _ _ _ _ _ _ _ _ _ _ _ _ _ _ _ _ _ _ _ _ _ _ _ _ _ _ _ _ _ _ _ _ _ _ _ _ 

n_envs = 2, seed = 11, stride = 2, config = '{}', threads = 1

    def make_env(n_envs: int = 1, seed: int = 11, stride: int = 2,
                 config: str = "{}", threads: int = 1) -> rs.KaggricultureEnv:
>       return rs.KaggricultureEnv(n_envs, seed, stride, config, REWARD, threads, hire_limit=241)
               ^^^^^^^^^^^^^^^^^^^
E       AttributeError: module 'owl.rs' has no attribute 'KaggricultureEnv'

tests/kaggriculture/test_native_env.py:47: AttributeError
_ test_every_destination_rejected_before_any_write[readonly-transition_banks_before] _

name = 'transition_banks_before', kind = 'readonly'

    @pytest.mark.parametrize("name", DESTINATIONS)
    @pytest.mark.parametrize("kind", ["shape", "dtype", "readonly", "stride", "fortran", "unaligned", "overlap"])
    def test_every_destination_rejected_before_any_write(name: str, kind: str) -> None:
>       env = make_env(2)
              ^^^^^^^^^^^

tests/kaggriculture/test_native_env.py:75: 
_ _ _ _ _ _ _ _ _ _ _ _ _ _ _ _ _ _ _ _ _ _ _ _ _ _ _ _ _ _ _ _ _ _ _ _ _ _ _ _ 

n_envs = 2, seed = 11, stride = 2, config = '{}', threads = 1

    def make_env(n_envs: int = 1, seed: int = 11, stride: int = 2,
                 config: str = "{}", threads: int = 1) -> rs.KaggricultureEnv:
>       return rs.KaggricultureEnv(n_envs, seed, stride, config, REWARD, threads, hire_limit=241)
               ^^^^^^^^^^^^^^^^^^^
E       AttributeError: module 'owl.rs' has no attribute 'KaggricultureEnv'

tests/kaggriculture/test_native_env.py:47: AttributeError
_ test_every_destination_rejected_before_any_write[readonly-transition_banks_after] _

name = 'transition_banks_after', kind = 'readonly'

    @pytest.mark.parametrize("name", DESTINATIONS)
    @pytest.mark.parametrize("kind", ["shape", "dtype", "readonly", "stride", "fortran", "unaligned", "overlap"])
    def test_every_destination_rejected_before_any_write(name: str, kind: str) -> None:
>       env = make_env(2)
              ^^^^^^^^^^^

tests/kaggriculture/test_native_env.py:75: 
_ _ _ _ _ _ _ _ _ _ _ _ _ _ _ _ _ _ _ _ _ _ _ _ _ _ _ _ _ _ _ _ _ _ _ _ _ _ _ _ 

n_envs = 2, seed = 11, stride = 2, config = '{}', threads = 1

    def make_env(n_envs: int = 1, seed: int = 11, stride: int = 2,
                 config: str = "{}", threads: int = 1) -> rs.KaggricultureEnv:
>       return rs.KaggricultureEnv(n_envs, seed, stride, config, REWARD, threads, hire_limit=241)
               ^^^^^^^^^^^^^^^^^^^
E       AttributeError: module 'owl.rs' has no attribute 'KaggricultureEnv'

tests/kaggriculture/test_native_env.py:47: AttributeError
_ test_every_destination_rejected_before_any_write[readonly-transition_econ_before] _

name = 'transition_econ_before', kind = 'readonly'

    @pytest.mark.parametrize("name", DESTINATIONS)
    @pytest.mark.parametrize("kind", ["shape", "dtype", "readonly", "stride", "fortran", "unaligned", "overlap"])
    def test_every_destination_rejected_before_any_write(name: str, kind: str) -> None:
>       env = make_env(2)
              ^^^^^^^^^^^

tests/kaggriculture/test_native_env.py:75: 
_ _ _ _ _ _ _ _ _ _ _ _ _ _ _ _ _ _ _ _ _ _ _ _ _ _ _ _ _ _ _ _ _ _ _ _ _ _ _ _ 

n_envs = 2, seed = 11, stride = 2, config = '{}', threads = 1

    def make_env(n_envs: int = 1, seed: int = 11, stride: int = 2,
                 config: str = "{}", threads: int = 1) -> rs.KaggricultureEnv:
>       return rs.KaggricultureEnv(n_envs, seed, stride, config, REWARD, threads, hire_limit=241)
               ^^^^^^^^^^^^^^^^^^^
E       AttributeError: module 'owl.rs' has no attribute 'KaggricultureEnv'

tests/kaggriculture/test_native_env.py:47: AttributeError
_ test_every_destination_rejected_before_any_write[readonly-transition_econ_after] _

name = 'transition_econ_after', kind = 'readonly'

    @pytest.mark.parametrize("name", DESTINATIONS)
    @pytest.mark.parametrize("kind", ["shape", "dtype", "readonly", "stride", "fortran", "unaligned", "overlap"])
    def test_every_destination_rejected_before_any_write(name: str, kind: str) -> None:
>       env = make_env(2)
              ^^^^^^^^^^^

tests/kaggriculture/test_native_env.py:75: 
_ _ _ _ _ _ _ _ _ _ _ _ _ _ _ _ _ _ _ _ _ _ _ _ _ _ _ _ _ _ _ _ _ _ _ _ _ _ _ _ 

n_envs = 2, seed = 11, stride = 2, config = '{}', threads = 1

    def make_env(n_envs: int = 1, seed: int = 11, stride: int = 2,
                 config: str = "{}", threads: int = 1) -> rs.KaggricultureEnv:
>       return rs.KaggricultureEnv(n_envs, seed, stride, config, REWARD, threads, hire_limit=241)
               ^^^^^^^^^^^^^^^^^^^
E       AttributeError: module 'owl.rs' has no attribute 'KaggricultureEnv'

tests/kaggriculture/test_native_env.py:47: AttributeError
______ test_every_destination_rejected_before_any_write[stride-tile_kind] ______

name = 'tile_kind', kind = 'stride'

    @pytest.mark.parametrize("name", DESTINATIONS)
    @pytest.mark.parametrize("kind", ["shape", "dtype", "readonly", "stride", "fortran", "unaligned", "overlap"])
    def test_every_destination_rejected_before_any_write(name: str, kind: str) -> None:
>       env = make_env(2)
              ^^^^^^^^^^^

tests/kaggriculture/test_native_env.py:75: 
_ _ _ _ _ _ _ _ _ _ _ _ _ _ _ _ _ _ _ _ _ _ _ _ _ _ _ _ _ _ _ _ _ _ _ _ _ _ _ _ 

n_envs = 2, seed = 11, stride = 2, config = '{}', threads = 1

    def make_env(n_envs: int = 1, seed: int = 11, stride: int = 2,
                 config: str = "{}", threads: int = 1) -> rs.KaggricultureEnv:
>       return rs.KaggricultureEnv(n_envs, seed, stride, config, REWARD, threads, hire_limit=241)
               ^^^^^^^^^^^^^^^^^^^
E       AttributeError: module 'owl.rs' has no attribute 'KaggricultureEnv'

tests/kaggriculture/test_native_env.py:47: AttributeError
______ test_every_destination_rejected_before_any_write[stride-tile_crop] ______

name = 'tile_crop', kind = 'stride'

    @pytest.mark.parametrize("name", DESTINATIONS)
    @pytest.mark.parametrize("kind", ["shape", "dtype", "readonly", "stride", "fortran", "unaligned", "overlap"])
    def test_every_destination_rejected_before_any_write(name: str, kind: str) -> None:
>       env = make_env(2)
              ^^^^^^^^^^^

tests/kaggriculture/test_native_env.py:75: 
_ _ _ _ _ _ _ _ _ _ _ _ _ _ _ _ _ _ _ _ _ _ _ _ _ _ _ _ _ _ _ _ _ _ _ _ _ _ _ _ 

n_envs = 2, seed = 11, stride = 2, config = '{}', threads = 1

    def make_env(n_envs: int = 1, seed: int = 11, stride: int = 2,
                 config: str = "{}", threads: int = 1) -> rs.KaggricultureEnv:
>       return rs.KaggricultureEnv(n_envs, seed, stride, config, REWARD, threads, hire_limit=241)
               ^^^^^^^^^^^^^^^^^^^
E       AttributeError: module 'owl.rs' has no attribute 'KaggricultureEnv'

tests/kaggriculture/test_native_env.py:47: AttributeError
_____ test_every_destination_rejected_before_any_write[stride-tile_animal] _____

name = 'tile_animal', kind = 'stride'

    @pytest.mark.parametrize("name", DESTINATIONS)
    @pytest.mark.parametrize("kind", ["shape", "dtype", "readonly", "stride", "fortran", "unaligned", "overlap"])
    def test_every_destination_rejected_before_any_write(name: str, kind: str) -> None:
>       env = make_env(2)
              ^^^^^^^^^^^

tests/kaggriculture/test_native_env.py:75: 
_ _ _ _ _ _ _ _ _ _ _ _ _ _ _ _ _ _ _ _ _ _ _ _ _ _ _ _ _ _ _ _ _ _ _ _ _ _ _ _ 

n_envs = 2, seed = 11, stride = 2, config = '{}', threads = 1

    def make_env(n_envs: int = 1, seed: int = 11, stride: int = 2,
                 config: str = "{}", threads: int = 1) -> rs.KaggricultureEnv:
>       return rs.KaggricultureEnv(n_envs, seed, stride, config, REWARD, threads, hire_limit=241)
               ^^^^^^^^^^^^^^^^^^^
E       AttributeError: module 'owl.rs' has no attribute 'KaggricultureEnv'

tests/kaggriculture/test_native_env.py:47: AttributeError
______ test_every_destination_rejected_before_any_write[stride-tile_cell] ______

name = 'tile_cell', kind = 'stride'

    @pytest.mark.parametrize("name", DESTINATIONS)
    @pytest.mark.parametrize("kind", ["shape", "dtype", "readonly", "stride", "fortran", "unaligned", "overlap"])
    def test_every_destination_rejected_before_any_write(name: str, kind: str) -> None:
>       env = make_env(2)
              ^^^^^^^^^^^

tests/kaggriculture/test_native_env.py:75: 
_ _ _ _ _ _ _ _ _ _ _ _ _ _ _ _ _ _ _ _ _ _ _ _ _ _ _ _ _ _ _ _ _ _ _ _ _ _ _ _ 

n_envs = 2, seed = 11, stride = 2, config = '{}', threads = 1

    def make_env(n_envs: int = 1, seed: int = 11, stride: int = 2,
                 config: str = "{}", threads: int = 1) -> rs.KaggricultureEnv:
>       return rs.KaggricultureEnv(n_envs, seed, stride, config, REWARD, threads, hire_limit=241)
               ^^^^^^^^^^^^^^^^^^^
E       AttributeError: module 'owl.rs' has no attribute 'KaggricultureEnv'

tests/kaggriculture/test_native_env.py:47: AttributeError
______ test_every_destination_rejected_before_any_write[stride-tile_role] ______

name = 'tile_role', kind = 'stride'

    @pytest.mark.parametrize("name", DESTINATIONS)
    @pytest.mark.parametrize("kind", ["shape", "dtype", "readonly", "stride", "fortran", "unaligned", "overlap"])
    def test_every_destination_rejected_before_any_write(name: str, kind: str) -> None:
>       env = make_env(2)
              ^^^^^^^^^^^

tests/kaggriculture/test_native_env.py:75: 
_ _ _ _ _ _ _ _ _ _ _ _ _ _ _ _ _ _ _ _ _ _ _ _ _ _ _ _ _ _ _ _ _ _ _ _ _ _ _ _ 

n_envs = 2, seed = 11, stride = 2, config = '{}', threads = 1

    def make_env(n_envs: int = 1, seed: int = 11, stride: int = 2,
                 config: str = "{}", threads: int = 1) -> rs.KaggricultureEnv:
>       return rs.KaggricultureEnv(n_envs, seed, stride, config, REWARD, threads, hire_limit=241)
               ^^^^^^^^^^^^^^^^^^^
E       AttributeError: module 'owl.rs' has no attribute 'KaggricultureEnv'

tests/kaggriculture/test_native_env.py:47: AttributeError
______ test_every_destination_rejected_before_any_write[stride-tiles_int] ______

name = 'tiles_int', kind = 'stride'

    @pytest.mark.parametrize("name", DESTINATIONS)
    @pytest.mark.parametrize("kind", ["shape", "dtype", "readonly", "stride", "fortran", "unaligned", "overlap"])
    def test_every_destination_rejected_before_any_write(name: str, kind: str) -> None:
>       env = make_env(2)
              ^^^^^^^^^^^

tests/kaggriculture/test_native_env.py:75: 
_ _ _ _ _ _ _ _ _ _ _ _ _ _ _ _ _ _ _ _ _ _ _ _ _ _ _ _ _ _ _ _ _ _ _ _ _ _ _ _ 

n_envs = 2, seed = 11, stride = 2, config = '{}', threads = 1

    def make_env(n_envs: int = 1, seed: int = 11, stride: int = 2,
                 config: str = "{}", threads: int = 1) -> rs.KaggricultureEnv:
>       return rs.KaggricultureEnv(n_envs, seed, stride, config, REWARD, threads, hire_limit=241)
               ^^^^^^^^^^^^^^^^^^^
E       AttributeError: module 'owl.rs' has no attribute 'KaggricultureEnv'

tests/kaggriculture/test_native_env.py:47: AttributeError
_____ test_every_destination_rejected_before_any_write[stride-tiles_float] _____

name = 'tiles_float', kind = 'stride'

    @pytest.mark.parametrize("name", DESTINATIONS)
    @pytest.mark.parametrize("kind", ["shape", "dtype", "readonly", "stride", "fortran", "unaligned", "overlap"])
    def test_every_destination_rejected_before_any_write(name: str, kind: str) -> None:
>       env = make_env(2)
              ^^^^^^^^^^^

tests/kaggriculture/test_native_env.py:75: 
_ _ _ _ _ _ _ _ _ _ _ _ _ _ _ _ _ _ _ _ _ _ _ _ _ _ _ _ _ _ _ _ _ _ _ _ _ _ _ _ 

n_envs = 2, seed = 11, stride = 2, config = '{}', threads = 1

    def make_env(n_envs: int = 1, seed: int = 11, stride: int = 2,
                 config: str = "{}", threads: int = 1) -> rs.KaggricultureEnv:
>       return rs.KaggricultureEnv(n_envs, seed, stride, config, REWARD, threads, hire_limit=241)
               ^^^^^^^^^^^^^^^^^^^
E       AttributeError: module 'owl.rs' has no attribute 'KaggricultureEnv'

tests/kaggriculture/test_native_env.py:47: AttributeError
_____ test_every_destination_rejected_before_any_write[stride-actor_slot] ______

name = 'actor_slot', kind = 'stride'

    @pytest.mark.parametrize("name", DESTINATIONS)
    @pytest.mark.parametrize("kind", ["shape", "dtype", "readonly", "stride", "fortran", "unaligned", "overlap"])
    def test_every_destination_rejected_before_any_write(name: str, kind: str) -> None:
>       env = make_env(2)
              ^^^^^^^^^^^

tests/kaggriculture/test_native_env.py:75: 
_ _ _ _ _ _ _ _ _ _ _ _ _ _ _ _ _ _ _ _ _ _ _ _ _ _ _ _ _ _ _ _ _ _ _ _ _ _ _ _ 

n_envs = 2, seed = 11, stride = 2, config = '{}', threads = 1

    def make_env(n_envs: int = 1, seed: int = 11, stride: int = 2,
                 config: str = "{}", threads: int = 1) -> rs.KaggricultureEnv:
>       return rs.KaggricultureEnv(n_envs, seed, stride, config, REWARD, threads, hire_limit=241)
               ^^^^^^^^^^^^^^^^^^^
E       AttributeError: module 'owl.rs' has no attribute 'KaggricultureEnv'

tests/kaggriculture/test_native_env.py:47: AttributeError
_____ test_every_destination_rejected_before_any_write[stride-actor_cell] ______

name = 'actor_cell', kind = 'stride'

    @pytest.mark.parametrize("name", DESTINATIONS)
    @pytest.mark.parametrize("kind", ["shape", "dtype", "readonly", "stride", "fortran", "unaligned", "overlap"])
    def test_every_destination_rejected_before_any_write(name: str, kind: str) -> None:
>       env = make_env(2)
              ^^^^^^^^^^^

tests/kaggriculture/test_native_env.py:75: 
_ _ _ _ _ _ _ _ _ _ _ _ _ _ _ _ _ _ _ _ _ _ _ _ _ _ _ _ _ _ _ _ _ _ _ _ _ _ _ _ 

n_envs = 2, seed = 11, stride = 2, config = '{}', threads = 1

    def make_env(n_envs: int = 1, seed: int = 11, stride: int = 2,
                 config: str = "{}", threads: int = 1) -> rs.KaggricultureEnv:
>       return rs.KaggricultureEnv(n_envs, seed, stride, config, REWARD, threads, hire_limit=241)
               ^^^^^^^^^^^^^^^^^^^
E       AttributeError: module 'owl.rs' has no attribute 'KaggricultureEnv'

tests/kaggriculture/test_native_env.py:47: AttributeError
_____ test_every_destination_rejected_before_any_write[stride-actor_role] ______

name = 'actor_role', kind = 'stride'

    @pytest.mark.parametrize("name", DESTINATIONS)
    @pytest.mark.parametrize("kind", ["shape", "dtype", "readonly", "stride", "fortran", "unaligned", "overlap"])
    def test_every_destination_rejected_before_any_write(name: str, kind: str) -> None:
>       env = make_env(2)
              ^^^^^^^^^^^

tests/kaggriculture/test_native_env.py:75: 
_ _ _ _ _ _ _ _ _ _ _ _ _ _ _ _ _ _ _ _ _ _ _ _ _ _ _ _ _ _ _ _ _ _ _ _ _ _ _ _ 

n_envs = 2, seed = 11, stride = 2, config = '{}', threads = 1

    def make_env(n_envs: int = 1, seed: int = 11, stride: int = 2,
                 config: str = "{}", threads: int = 1) -> rs.KaggricultureEnv:
>       return rs.KaggricultureEnv(n_envs, seed, stride, config, REWARD, threads, hire_limit=241)
               ^^^^^^^^^^^^^^^^^^^
E       AttributeError: module 'owl.rs' has no attribute 'KaggricultureEnv'

tests/kaggriculture/test_native_env.py:47: AttributeError
_____ test_every_destination_rejected_before_any_write[stride-actor_mask] ______

name = 'actor_mask', kind = 'stride'

    @pytest.mark.parametrize("name", DESTINATIONS)
    @pytest.mark.parametrize("kind", ["shape", "dtype", "readonly", "stride", "fortran", "unaligned", "overlap"])
    def test_every_destination_rejected_before_any_write(name: str, kind: str) -> None:
>       env = make_env(2)
              ^^^^^^^^^^^

tests/kaggriculture/test_native_env.py:75: 
_ _ _ _ _ _ _ _ _ _ _ _ _ _ _ _ _ _ _ _ _ _ _ _ _ _ _ _ _ _ _ _ _ _ _ _ _ _ _ _ 

n_envs = 2, seed = 11, stride = 2, config = '{}', threads = 1

    def make_env(n_envs: int = 1, seed: int = 11, stride: int = 2,
                 config: str = "{}", threads: int = 1) -> rs.KaggricultureEnv:
>       return rs.KaggricultureEnv(n_envs, seed, stride, config, REWARD, threads, hire_limit=241)
               ^^^^^^^^^^^^^^^^^^^
E       AttributeError: module 'owl.rs' has no attribute 'KaggricultureEnv'

tests/kaggriculture/test_native_env.py:47: AttributeError
___ test_every_destination_rejected_before_any_write[stride-actor_inventory] ___

name = 'actor_inventory', kind = 'stride'

    @pytest.mark.parametrize("name", DESTINATIONS)
    @pytest.mark.parametrize("kind", ["shape", "dtype", "readonly", "stride", "fortran", "unaligned", "overlap"])
    def test_every_destination_rejected_before_any_write(name: str, kind: str) -> None:
>       env = make_env(2)
              ^^^^^^^^^^^

tests/kaggriculture/test_native_env.py:75: 
_ _ _ _ _ _ _ _ _ _ _ _ _ _ _ _ _ _ _ _ _ _ _ _ _ _ _ _ _ _ _ _ _ _ _ _ _ _ _ _ 

n_envs = 2, seed = 11, stride = 2, config = '{}', threads = 1

    def make_env(n_envs: int = 1, seed: int = 11, stride: int = 2,
                 config: str = "{}", threads: int = 1) -> rs.KaggricultureEnv:
>       return rs.KaggricultureEnv(n_envs, seed, stride, config, REWARD, threads, hire_limit=241)
               ^^^^^^^^^^^^^^^^^^^
E       AttributeError: module 'owl.rs' has no attribute 'KaggricultureEnv'

tests/kaggriculture/test_native_env.py:47: AttributeError
_ test_every_destination_rejected_before_any_write[stride-actor_inventory_rank] _

name = 'actor_inventory_rank', kind = 'stride'

    @pytest.mark.parametrize("name", DESTINATIONS)
    @pytest.mark.parametrize("kind", ["shape", "dtype", "readonly", "stride", "fortran", "unaligned", "overlap"])
    def test_every_destination_rejected_before_any_write(name: str, kind: str) -> None:
>       env = make_env(2)
              ^^^^^^^^^^^

tests/kaggriculture/test_native_env.py:75: 
_ _ _ _ _ _ _ _ _ _ _ _ _ _ _ _ _ _ _ _ _ _ _ _ _ _ _ _ _ _ _ _ _ _ _ _ _ _ _ _ 

n_envs = 2, seed = 11, stride = 2, config = '{}', threads = 1

    def make_env(n_envs: int = 1, seed: int = 11, stride: int = 2,
                 config: str = "{}", threads: int = 1) -> rs.KaggricultureEnv:
>       return rs.KaggricultureEnv(n_envs, seed, stride, config, REWARD, threads, hire_limit=241)
               ^^^^^^^^^^^^^^^^^^^
E       AttributeError: module 'owl.rs' has no attribute 'KaggricultureEnv'

tests/kaggriculture/test_native_env.py:47: AttributeError
____ test_every_destination_rejected_before_any_write[stride-actors_float] _____

name = 'actors_float', kind = 'stride'

    @pytest.mark.parametrize("name", DESTINATIONS)
    @pytest.mark.parametrize("kind", ["shape", "dtype", "readonly", "stride", "fortran", "unaligned", "overlap"])
    def test_every_destination_rejected_before_any_write(name: str, kind: str) -> None:
>       env = make_env(2)
              ^^^^^^^^^^^

tests/kaggriculture/test_native_env.py:75: 
_ _ _ _ _ _ _ _ _ _ _ _ _ _ _ _ _ _ _ _ _ _ _ _ _ _ _ _ _ _ _ _ _ _ _ _ _ _ _ _ 

n_envs = 2, seed = 11, stride = 2, config = '{}', threads = 1

    def make_env(n_envs: int = 1, seed: int = 11, stride: int = 2,
                 config: str = "{}", threads: int = 1) -> rs.KaggricultureEnv:
>       return rs.KaggricultureEnv(n_envs, seed, stride, config, REWARD, threads, hire_limit=241)
               ^^^^^^^^^^^^^^^^^^^
E       AttributeError: module 'owl.rs' has no attribute 'KaggricultureEnv'

tests/kaggriculture/test_native_env.py:47: AttributeError
___ test_every_destination_rejected_before_any_write[stride-player_features] ___

name = 'player_features', kind = 'stride'

    @pytest.mark.parametrize("name", DESTINATIONS)
    @pytest.mark.parametrize("kind", ["shape", "dtype", "readonly", "stride", "fortran", "unaligned", "overlap"])
    def test_every_destination_rejected_before_any_write(name: str, kind: str) -> None:
>       env = make_env(2)
              ^^^^^^^^^^^

tests/kaggriculture/test_native_env.py:75: 
_ _ _ _ _ _ _ _ _ _ _ _ _ _ _ _ _ _ _ _ _ _ _ _ _ _ _ _ _ _ _ _ _ _ _ _ _ _ _ _ 

n_envs = 2, seed = 11, stride = 2, config = '{}', threads = 1

    def make_env(n_envs: int = 1, seed: int = 11, stride: int = 2,
                 config: str = "{}", threads: int = 1) -> rs.KaggricultureEnv:
>       return rs.KaggricultureEnv(n_envs, seed, stride, config, REWARD, threads, hire_limit=241)
               ^^^^^^^^^^^^^^^^^^^
E       AttributeError: module 'owl.rs' has no attribute 'KaggricultureEnv'

tests/kaggriculture/test_native_env.py:47: AttributeError
___ test_every_destination_rejected_before_any_write[stride-storage_counts] ____

name = 'storage_counts', kind = 'stride'

    @pytest.mark.parametrize("name", DESTINATIONS)
    @pytest.mark.parametrize("kind", ["shape", "dtype", "readonly", "stride", "fortran", "unaligned", "overlap"])
    def test_every_destination_rejected_before_any_write(name: str, kind: str) -> None:
>       env = make_env(2)
              ^^^^^^^^^^^

tests/kaggriculture/test_native_env.py:75: 
_ _ _ _ _ _ _ _ _ _ _ _ _ _ _ _ _ _ _ _ _ _ _ _ _ _ _ _ _ _ _ _ _ _ _ _ _ _ _ _ 

n_envs = 2, seed = 11, stride = 2, config = '{}', threads = 1

    def make_env(n_envs: int = 1, seed: int = 11, stride: int = 2,
                 config: str = "{}", threads: int = 1) -> rs.KaggricultureEnv:
>       return rs.KaggricultureEnv(n_envs, seed, stride, config, REWARD, threads, hire_limit=241)
               ^^^^^^^^^^^^^^^^^^^
E       AttributeError: module 'owl.rs' has no attribute 'KaggricultureEnv'

tests/kaggriculture/test_native_env.py:47: AttributeError
____ test_every_destination_rejected_before_any_write[stride-storage_rank] _____

name = 'storage_rank', kind = 'stride'

    @pytest.mark.parametrize("name", DESTINATIONS)
    @pytest.mark.parametrize("kind", ["shape", "dtype", "readonly", "stride", "fortran", "unaligned", "overlap"])
    def test_every_destination_rejected_before_any_write(name: str, kind: str) -> None:
>       env = make_env(2)
              ^^^^^^^^^^^

tests/kaggriculture/test_native_env.py:75: 
_ _ _ _ _ _ _ _ _ _ _ _ _ _ _ _ _ _ _ _ _ _ _ _ _ _ _ _ _ _ _ _ _ _ _ _ _ _ _ _ 

n_envs = 2, seed = 11, stride = 2, config = '{}', threads = 1

    def make_env(n_envs: int = 1, seed: int = 11, stride: int = 2,
                 config: str = "{}", threads: int = 1) -> rs.KaggricultureEnv:
>       return rs.KaggricultureEnv(n_envs, seed, stride, config, REWARD, threads, hire_limit=241)
               ^^^^^^^^^^^^^^^^^^^
E       AttributeError: module 'owl.rs' has no attribute 'KaggricultureEnv'

tests/kaggriculture/test_native_env.py:47: AttributeError
________ test_every_destination_rejected_before_any_write[stride-banks] ________

name = 'banks', kind = 'stride'

    @pytest.mark.parametrize("name", DESTINATIONS)
    @pytest.mark.parametrize("kind", ["shape", "dtype", "readonly", "stride", "fortran", "unaligned", "overlap"])
    def test_every_destination_rejected_before_any_write(name: str, kind: str) -> None:
>       env = make_env(2)
              ^^^^^^^^^^^

tests/kaggriculture/test_native_env.py:75: 
_ _ _ _ _ _ _ _ _ _ _ _ _ _ _ _ _ _ _ _ _ _ _ _ _ _ _ _ _ _ _ _ _ _ _ _ _ _ _ _ 

n_envs = 2, seed = 11, stride = 2, config = '{}', threads = 1

    def make_env(n_envs: int = 1, seed: int = 11, stride: int = 2,
                 config: str = "{}", threads: int = 1) -> rs.KaggricultureEnv:
>       return rs.KaggricultureEnv(n_envs, seed, stride, config, REWARD, threads, hire_limit=241)
               ^^^^^^^^^^^^^^^^^^^
E       AttributeError: module 'owl.rs' has no attribute 'KaggricultureEnv'

tests/kaggriculture/test_native_env.py:47: AttributeError
______ test_every_destination_rejected_before_any_write[stride-shop_type] ______

name = 'shop_type', kind = 'stride'

    @pytest.mark.parametrize("name", DESTINATIONS)
    @pytest.mark.parametrize("kind", ["shape", "dtype", "readonly", "stride", "fortran", "unaligned", "overlap"])
    def test_every_destination_rejected_before_any_write(name: str, kind: str) -> None:
>       env = make_env(2)
              ^^^^^^^^^^^

tests/kaggriculture/test_native_env.py:75: 
_ _ _ _ _ _ _ _ _ _ _ _ _ _ _ _ _ _ _ _ _ _ _ _ _ _ _ _ _ _ _ _ _ _ _ _ _ _ _ _ 

n_envs = 2, seed = 11, stride = 2, config = '{}', threads = 1

    def make_env(n_envs: int = 1, seed: int = 11, stride: int = 2,
                 config: str = "{}", threads: int = 1) -> rs.KaggricultureEnv:
>       return rs.KaggricultureEnv(n_envs, seed, stride, config, REWARD, threads, hire_limit=241)
               ^^^^^^^^^^^^^^^^^^^
E       AttributeError: module 'owl.rs' has no attribute 'KaggricultureEnv'

tests/kaggriculture/test_native_env.py:47: AttributeError
______ test_every_destination_rejected_before_any_write[stride-shop_slot] ______

name = 'shop_slot', kind = 'stride'

    @pytest.mark.parametrize("name", DESTINATIONS)
    @pytest.mark.parametrize("kind", ["shape", "dtype", "readonly", "stride", "fortran", "unaligned", "overlap"])
    def test_every_destination_rejected_before_any_write(name: str, kind: str) -> None:
>       env = make_env(2)
              ^^^^^^^^^^^

tests/kaggriculture/test_native_env.py:75: 
_ _ _ _ _ _ _ _ _ _ _ _ _ _ _ _ _ _ _ _ _ _ _ _ _ _ _ _ _ _ _ _ _ _ _ _ _ _ _ _ 

n_envs = 2, seed = 11, stride = 2, config = '{}', threads = 1

    def make_env(n_envs: int = 1, seed: int = 11, stride: int = 2,
                 config: str = "{}", threads: int = 1) -> rs.KaggricultureEnv:
>       return rs.KaggricultureEnv(n_envs, seed, stride, config, REWARD, threads, hire_limit=241)
               ^^^^^^^^^^^^^^^^^^^
E       AttributeError: module 'owl.rs' has no attribute 'KaggricultureEnv'

tests/kaggriculture/test_native_env.py:47: AttributeError
______ test_every_destination_rejected_before_any_write[stride-shop_mask] ______

name = 'shop_mask', kind = 'stride'

    @pytest.mark.parametrize("name", DESTINATIONS)
    @pytest.mark.parametrize("kind", ["shape", "dtype", "readonly", "stride", "fortran", "unaligned", "overlap"])
    def test_every_destination_rejected_before_any_write(name: str, kind: str) -> None:
>       env = make_env(2)
              ^^^^^^^^^^^

tests/kaggriculture/test_native_env.py:75: 
_ _ _ _ _ _ _ _ _ _ _ _ _ _ _ _ _ _ _ _ _ _ _ _ _ _ _ _ _ _ _ _ _ _ _ _ _ _ _ _ 

n_envs = 2, seed = 11, stride = 2, config = '{}', threads = 1

    def make_env(n_envs: int = 1, seed: int = 11, stride: int = 2,
                 config: str = "{}", threads: int = 1) -> rs.KaggricultureEnv:
>       return rs.KaggricultureEnv(n_envs, seed, stride, config, REWARD, threads, hire_limit=241)
               ^^^^^^^^^^^^^^^^^^^
E       AttributeError: module 'owl.rs' has no attribute 'KaggricultureEnv'

tests/kaggriculture/test_native_env.py:47: AttributeError
___ test_every_destination_rejected_before_any_write[stride-market_product] ____

name = 'market_product', kind = 'stride'

    @pytest.mark.parametrize("name", DESTINATIONS)
    @pytest.mark.parametrize("kind", ["shape", "dtype", "readonly", "stride", "fortran", "unaligned", "overlap"])
    def test_every_destination_rejected_before_any_write(name: str, kind: str) -> None:
>       env = make_env(2)
              ^^^^^^^^^^^

tests/kaggriculture/test_native_env.py:75: 
_ _ _ _ _ _ _ _ _ _ _ _ _ _ _ _ _ _ _ _ _ _ _ _ _ _ _ _ _ _ _ _ _ _ _ _ _ _ _ _ 

n_envs = 2, seed = 11, stride = 2, config = '{}', threads = 1

    def make_env(n_envs: int = 1, seed: int = 11, stride: int = 2,
                 config: str = "{}", threads: int = 1) -> rs.KaggricultureEnv:
>       return rs.KaggricultureEnv(n_envs, seed, stride, config, REWARD, threads, hire_limit=241)
               ^^^^^^^^^^^^^^^^^^^
E       AttributeError: module 'owl.rs' has no attribute 'KaggricultureEnv'

tests/kaggriculture/test_native_env.py:47: AttributeError
____ test_every_destination_rejected_before_any_write[stride-market_float] _____

name = 'market_float', kind = 'stride'

    @pytest.mark.parametrize("name", DESTINATIONS)
    @pytest.mark.parametrize("kind", ["shape", "dtype", "readonly", "stride", "fortran", "unaligned", "overlap"])
    def test_every_destination_rejected_before_any_write(name: str, kind: str) -> None:
>       env = make_env(2)
              ^^^^^^^^^^^

tests/kaggriculture/test_native_env.py:75: 
_ _ _ _ _ _ _ _ _ _ _ _ _ _ _ _ _ _ _ _ _ _ _ _ _ _ _ _ _ _ _ _ _ _ _ _ _ _ _ _ 

n_envs = 2, seed = 11, stride = 2, config = '{}', threads = 1

    def make_env(n_envs: int = 1, seed: int = 11, stride: int = 2,
                 config: str = "{}", threads: int = 1) -> rs.KaggricultureEnv:
>       return rs.KaggricultureEnv(n_envs, seed, stride, config, REWARD, threads, hire_limit=241)
               ^^^^^^^^^^^^^^^^^^^
E       AttributeError: module 'owl.rs' has no attribute 'KaggricultureEnv'

tests/kaggriculture/test_native_env.py:47: AttributeError
_____ test_every_destination_rejected_before_any_write[stride-market_int] ______

name = 'market_int', kind = 'stride'

    @pytest.mark.parametrize("name", DESTINATIONS)
    @pytest.mark.parametrize("kind", ["shape", "dtype", "readonly", "stride", "fortran", "unaligned", "overlap"])
    def test_every_destination_rejected_before_any_write(name: str, kind: str) -> None:
>       env = make_env(2)
              ^^^^^^^^^^^

tests/kaggriculture/test_native_env.py:75: 
_ _ _ _ _ _ _ _ _ _ _ _ _ _ _ _ _ _ _ _ _ _ _ _ _ _ _ _ _ _ _ _ _ _ _ _ _ _ _ _ 

n_envs = 2, seed = 11, stride = 2, config = '{}', threads = 1

    def make_env(n_envs: int = 1, seed: int = 11, stride: int = 2,
                 config: str = "{}", threads: int = 1) -> rs.KaggricultureEnv:
>       return rs.KaggricultureEnv(n_envs, seed, stride, config, REWARD, threads, hire_limit=241)
               ^^^^^^^^^^^^^^^^^^^
E       AttributeError: module 'owl.rs' has no attribute 'KaggricultureEnv'

tests/kaggriculture/test_native_env.py:47: AttributeError
___ test_every_destination_rejected_before_any_write[stride-global_features] ___

name = 'global_features', kind = 'stride'

    @pytest.mark.parametrize("name", DESTINATIONS)
    @pytest.mark.parametrize("kind", ["shape", "dtype", "readonly", "stride", "fortran", "unaligned", "overlap"])
    def test_every_destination_rejected_before_any_write(name: str, kind: str) -> None:
>       env = make_env(2)
              ^^^^^^^^^^^

tests/kaggriculture/test_native_env.py:75: 
_ _ _ _ _ _ _ _ _ _ _ _ _ _ _ _ _ _ _ _ _ _ _ _ _ _ _ _ _ _ _ _ _ _ _ _ _ _ _ _ 

n_envs = 2, seed = 11, stride = 2, config = '{}', threads = 1

    def make_env(n_envs: int = 1, seed: int = 11, stride: int = 2,
                 config: str = "{}", threads: int = 1) -> rs.KaggricultureEnv:
>       return rs.KaggricultureEnv(n_envs, seed, stride, config, REWARD, threads, hire_limit=241)
               ^^^^^^^^^^^^^^^^^^^
E       AttributeError: module 'owl.rs' has no attribute 'KaggricultureEnv'

tests/kaggriculture/test_native_env.py:47: AttributeError
_____ test_every_destination_rejected_before_any_write[stride-globals_int] _____

name = 'globals_int', kind = 'stride'

    @pytest.mark.parametrize("name", DESTINATIONS)
    @pytest.mark.parametrize("kind", ["shape", "dtype", "readonly", "stride", "fortran", "unaligned", "overlap"])
    def test_every_destination_rejected_before_any_write(name: str, kind: str) -> None:
>       env = make_env(2)
              ^^^^^^^^^^^

tests/kaggriculture/test_native_env.py:75: 
_ _ _ _ _ _ _ _ _ _ _ _ _ _ _ _ _ _ _ _ _ _ _ _ _ _ _ _ _ _ _ _ _ _ _ _ _ _ _ _ 

n_envs = 2, seed = 11, stride = 2, config = '{}', threads = 1

    def make_env(n_envs: int = 1, seed: int = 11, stride: int = 2,
                 config: str = "{}", threads: int = 1) -> rs.KaggricultureEnv:
>       return rs.KaggricultureEnv(n_envs, seed, stride, config, REWARD, threads, hire_limit=241)
               ^^^^^^^^^^^^^^^^^^^
E       AttributeError: module 'owl.rs' has no attribute 'KaggricultureEnv'

tests/kaggriculture/test_native_env.py:47: AttributeError
____ test_every_destination_rejected_before_any_write[stride-still_playing] ____

name = 'still_playing', kind = 'stride'

    @pytest.mark.parametrize("name", DESTINATIONS)
    @pytest.mark.parametrize("kind", ["shape", "dtype", "readonly", "stride", "fortran", "unaligned", "overlap"])
    def test_every_destination_rejected_before_any_write(name: str, kind: str) -> None:
>       env = make_env(2)
              ^^^^^^^^^^^

tests/kaggriculture/test_native_env.py:75: 
_ _ _ _ _ _ _ _ _ _ _ _ _ _ _ _ _ _ _ _ _ _ _ _ _ _ _ _ _ _ _ _ _ _ _ _ _ _ _ _ 

n_envs = 2, seed = 11, stride = 2, config = '{}', threads = 1

    def make_env(n_envs: int = 1, seed: int = 11, stride: int = 2,
                 config: str = "{}", threads: int = 1) -> rs.KaggricultureEnv:
>       return rs.KaggricultureEnv(n_envs, seed, stride, config, REWARD, threads, hire_limit=241)
               ^^^^^^^^^^^^^^^^^^^
E       AttributeError: module 'owl.rs' has no attribute 'KaggricultureEnv'

tests/kaggriculture/test_native_env.py:47: AttributeError
____ test_every_destination_rejected_before_any_write[stride-order_limits] _____

name = 'order_limits', kind = 'stride'

    @pytest.mark.parametrize("name", DESTINATIONS)
    @pytest.mark.parametrize("kind", ["shape", "dtype", "readonly", "stride", "fortran", "unaligned", "overlap"])
    def test_every_destination_rejected_before_any_write(name: str, kind: str) -> None:
>       env = make_env(2)
              ^^^^^^^^^^^

tests/kaggriculture/test_native_env.py:75: 
_ _ _ _ _ _ _ _ _ _ _ _ _ _ _ _ _ _ _ _ _ _ _ _ _ _ _ _ _ _ _ _ _ _ _ _ _ _ _ _ 

n_envs = 2, seed = 11, stride = 2, config = '{}', threads = 1

    def make_env(n_envs: int = 1, seed: int = 11, stride: int = 2,
                 config: str = "{}", threads: int = 1) -> rs.KaggricultureEnv:
>       return rs.KaggricultureEnv(n_envs, seed, stride, config, REWARD, threads, hire_limit=241)
               ^^^^^^^^^^^^^^^^^^^
E       AttributeError: module 'owl.rs' has no attribute 'KaggricultureEnv'

tests/kaggriculture/test_native_env.py:47: AttributeError
_______ test_every_destination_rejected_before_any_write[stride-can_act] _______

name = 'can_act', kind = 'stride'

    @pytest.mark.parametrize("name", DESTINATIONS)
    @pytest.mark.parametrize("kind", ["shape", "dtype", "readonly", "stride", "fortran", "unaligned", "overlap"])
    def test_every_destination_rejected_before_any_write(name: str, kind: str) -> None:
>       env = make_env(2)
              ^^^^^^^^^^^

tests/kaggriculture/test_native_env.py:75: 
_ _ _ _ _ _ _ _ _ _ _ _ _ _ _ _ _ _ _ _ _ _ _ _ _ _ _ _ _ _ _ _ _ _ _ _ _ _ _ _ 

n_envs = 2, seed = 11, stride = 2, config = '{}', threads = 1

    def make_env(n_envs: int = 1, seed: int = 11, stride: int = 2,
                 config: str = "{}", threads: int = 1) -> rs.KaggricultureEnv:
>       return rs.KaggricultureEnv(n_envs, seed, stride, config, REWARD, threads, hire_limit=241)
               ^^^^^^^^^^^^^^^^^^^
E       AttributeError: module 'owl.rs' has no attribute 'KaggricultureEnv'

tests/kaggriculture/test_native_env.py:47: AttributeError
_______ test_every_destination_rejected_before_any_write[stride-rewards] _______

name = 'rewards', kind = 'stride'

    @pytest.mark.parametrize("name", DESTINATIONS)
    @pytest.mark.parametrize("kind", ["shape", "dtype", "readonly", "stride", "fortran", "unaligned", "overlap"])
    def test_every_destination_rejected_before_any_write(name: str, kind: str) -> None:
>       env = make_env(2)
              ^^^^^^^^^^^

tests/kaggriculture/test_native_env.py:75: 
_ _ _ _ _ _ _ _ _ _ _ _ _ _ _ _ _ _ _ _ _ _ _ _ _ _ _ _ _ _ _ _ _ _ _ _ _ _ _ _ 

n_envs = 2, seed = 11, stride = 2, config = '{}', threads = 1

    def make_env(n_envs: int = 1, seed: int = 11, stride: int = 2,
                 config: str = "{}", threads: int = 1) -> rs.KaggricultureEnv:
>       return rs.KaggricultureEnv(n_envs, seed, stride, config, REWARD, threads, hire_limit=241)
               ^^^^^^^^^^^^^^^^^^^
E       AttributeError: module 'owl.rs' has no attribute 'KaggricultureEnv'

tests/kaggriculture/test_native_env.py:47: AttributeError
________ test_every_destination_rejected_before_any_write[stride-dones] ________

name = 'dones', kind = 'stride'

    @pytest.mark.parametrize("name", DESTINATIONS)
    @pytest.mark.parametrize("kind", ["shape", "dtype", "readonly", "stride", "fortran", "unaligned", "overlap"])
    def test_every_destination_rejected_before_any_write(name: str, kind: str) -> None:
>       env = make_env(2)
              ^^^^^^^^^^^

tests/kaggriculture/test_native_env.py:75: 
_ _ _ _ _ _ _ _ _ _ _ _ _ _ _ _ _ _ _ _ _ _ _ _ _ _ _ _ _ _ _ _ _ _ _ _ _ _ _ _ 

n_envs = 2, seed = 11, stride = 2, config = '{}', threads = 1

    def make_env(n_envs: int = 1, seed: int = 11, stride: int = 2,
                 config: str = "{}", threads: int = 1) -> rs.KaggricultureEnv:
>       return rs.KaggricultureEnv(n_envs, seed, stride, config, REWARD, threads, hire_limit=241)
               ^^^^^^^^^^^^^^^^^^^
E       AttributeError: module 'owl.rs' has no attribute 'KaggricultureEnv'

tests/kaggriculture/test_native_env.py:47: AttributeError
_ test_every_destination_rejected_before_any_write[stride-transition_banks_before] _

name = 'transition_banks_before', kind = 'stride'

    @pytest.mark.parametrize("name", DESTINATIONS)
    @pytest.mark.parametrize("kind", ["shape", "dtype", "readonly", "stride", "fortran", "unaligned", "overlap"])
    def test_every_destination_rejected_before_any_write(name: str, kind: str) -> None:
>       env = make_env(2)
              ^^^^^^^^^^^

tests/kaggriculture/test_native_env.py:75: 
_ _ _ _ _ _ _ _ _ _ _ _ _ _ _ _ _ _ _ _ _ _ _ _ _ _ _ _ _ _ _ _ _ _ _ _ _ _ _ _ 

n_envs = 2, seed = 11, stride = 2, config = '{}', threads = 1

    def make_env(n_envs: int = 1, seed: int = 11, stride: int = 2,
                 config: str = "{}", threads: int = 1) -> rs.KaggricultureEnv:
>       return rs.KaggricultureEnv(n_envs, seed, stride, config, REWARD, threads, hire_limit=241)
               ^^^^^^^^^^^^^^^^^^^
E       AttributeError: module 'owl.rs' has no attribute 'KaggricultureEnv'

tests/kaggriculture/test_native_env.py:47: AttributeError
_ test_every_destination_rejected_before_any_write[stride-transition_banks_after] _

name = 'transition_banks_after', kind = 'stride'

    @pytest.mark.parametrize("name", DESTINATIONS)
    @pytest.mark.parametrize("kind", ["shape", "dtype", "readonly", "stride", "fortran", "unaligned", "overlap"])
    def test_every_destination_rejected_before_any_write(name: str, kind: str) -> None:
>       env = make_env(2)
              ^^^^^^^^^^^

tests/kaggriculture/test_native_env.py:75: 
_ _ _ _ _ _ _ _ _ _ _ _ _ _ _ _ _ _ _ _ _ _ _ _ _ _ _ _ _ _ _ _ _ _ _ _ _ _ _ _ 

n_envs = 2, seed = 11, stride = 2, config = '{}', threads = 1

    def make_env(n_envs: int = 1, seed: int = 11, stride: int = 2,
                 config: str = "{}", threads: int = 1) -> rs.KaggricultureEnv:
>       return rs.KaggricultureEnv(n_envs, seed, stride, config, REWARD, threads, hire_limit=241)
               ^^^^^^^^^^^^^^^^^^^
E       AttributeError: module 'owl.rs' has no attribute 'KaggricultureEnv'

tests/kaggriculture/test_native_env.py:47: AttributeError
_ test_every_destination_rejected_before_any_write[stride-transition_econ_before] _

name = 'transition_econ_before', kind = 'stride'

    @pytest.mark.parametrize("name", DESTINATIONS)
    @pytest.mark.parametrize("kind", ["shape", "dtype", "readonly", "stride", "fortran", "unaligned", "overlap"])
    def test_every_destination_rejected_before_any_write(name: str, kind: str) -> None:
>       env = make_env(2)
              ^^^^^^^^^^^

tests/kaggriculture/test_native_env.py:75: 
_ _ _ _ _ _ _ _ _ _ _ _ _ _ _ _ _ _ _ _ _ _ _ _ _ _ _ _ _ _ _ _ _ _ _ _ _ _ _ _ 

n_envs = 2, seed = 11, stride = 2, config = '{}', threads = 1

    def make_env(n_envs: int = 1, seed: int = 11, stride: int = 2,
                 config: str = "{}", threads: int = 1) -> rs.KaggricultureEnv:
>       return rs.KaggricultureEnv(n_envs, seed, stride, config, REWARD, threads, hire_limit=241)
               ^^^^^^^^^^^^^^^^^^^
E       AttributeError: module 'owl.rs' has no attribute 'KaggricultureEnv'

tests/kaggriculture/test_native_env.py:47: AttributeError
_ test_every_destination_rejected_before_any_write[stride-transition_econ_after] _

name = 'transition_econ_after', kind = 'stride'

    @pytest.mark.parametrize("name", DESTINATIONS)
    @pytest.mark.parametrize("kind", ["shape", "dtype", "readonly", "stride", "fortran", "unaligned", "overlap"])
    def test_every_destination_rejected_before_any_write(name: str, kind: str) -> None:
>       env = make_env(2)
              ^^^^^^^^^^^

tests/kaggriculture/test_native_env.py:75: 
_ _ _ _ _ _ _ _ _ _ _ _ _ _ _ _ _ _ _ _ _ _ _ _ _ _ _ _ _ _ _ _ _ _ _ _ _ _ _ _ 

n_envs = 2, seed = 11, stride = 2, config = '{}', threads = 1

    def make_env(n_envs: int = 1, seed: int = 11, stride: int = 2,
                 config: str = "{}", threads: int = 1) -> rs.KaggricultureEnv:
>       return rs.KaggricultureEnv(n_envs, seed, stride, config, REWARD, threads, hire_limit=241)
               ^^^^^^^^^^^^^^^^^^^
E       AttributeError: module 'owl.rs' has no attribute 'KaggricultureEnv'

tests/kaggriculture/test_native_env.py:47: AttributeError
_____ test_every_destination_rejected_before_any_write[fortran-tile_kind] ______

name = 'tile_kind', kind = 'fortran'

    @pytest.mark.parametrize("name", DESTINATIONS)
    @pytest.mark.parametrize("kind", ["shape", "dtype", "readonly", "stride", "fortran", "unaligned", "overlap"])
    def test_every_destination_rejected_before_any_write(name: str, kind: str) -> None:
>       env = make_env(2)
              ^^^^^^^^^^^

tests/kaggriculture/test_native_env.py:75: 
_ _ _ _ _ _ _ _ _ _ _ _ _ _ _ _ _ _ _ _ _ _ _ _ _ _ _ _ _ _ _ _ _ _ _ _ _ _ _ _ 

n_envs = 2, seed = 11, stride = 2, config = '{}', threads = 1

    def make_env(n_envs: int = 1, seed: int = 11, stride: int = 2,
                 config: str = "{}", threads: int = 1) -> rs.KaggricultureEnv:
>       return rs.KaggricultureEnv(n_envs, seed, stride, config, REWARD, threads, hire_limit=241)
               ^^^^^^^^^^^^^^^^^^^
E       AttributeError: module 'owl.rs' has no attribute 'KaggricultureEnv'

tests/kaggriculture/test_native_env.py:47: AttributeError
_____ test_every_destination_rejected_before_any_write[fortran-tile_crop] ______

name = 'tile_crop', kind = 'fortran'

    @pytest.mark.parametrize("name", DESTINATIONS)
    @pytest.mark.parametrize("kind", ["shape", "dtype", "readonly", "stride", "fortran", "unaligned", "overlap"])
    def test_every_destination_rejected_before_any_write(name: str, kind: str) -> None:
>       env = make_env(2)
              ^^^^^^^^^^^

tests/kaggriculture/test_native_env.py:75: 
_ _ _ _ _ _ _ _ _ _ _ _ _ _ _ _ _ _ _ _ _ _ _ _ _ _ _ _ _ _ _ _ _ _ _ _ _ _ _ _ 

n_envs = 2, seed = 11, stride = 2, config = '{}', threads = 1

    def make_env(n_envs: int = 1, seed: int = 11, stride: int = 2,
                 config: str = "{}", threads: int = 1) -> rs.KaggricultureEnv:
>       return rs.KaggricultureEnv(n_envs, seed, stride, config, REWARD, threads, hire_limit=241)
               ^^^^^^^^^^^^^^^^^^^
E       AttributeError: module 'owl.rs' has no attribute 'KaggricultureEnv'

tests/kaggriculture/test_native_env.py:47: AttributeError
____ test_every_destination_rejected_before_any_write[fortran-tile_animal] _____

name = 'tile_animal', kind = 'fortran'

    @pytest.mark.parametrize("name", DESTINATIONS)
    @pytest.mark.parametrize("kind", ["shape", "dtype", "readonly", "stride", "fortran", "unaligned", "overlap"])
    def test_every_destination_rejected_before_any_write(name: str, kind: str) -> None:
>       env = make_env(2)
              ^^^^^^^^^^^

tests/kaggriculture/test_native_env.py:75: 
_ _ _ _ _ _ _ _ _ _ _ _ _ _ _ _ _ _ _ _ _ _ _ _ _ _ _ _ _ _ _ _ _ _ _ _ _ _ _ _ 

n_envs = 2, seed = 11, stride = 2, config = '{}', threads = 1

    def make_env(n_envs: int = 1, seed: int = 11, stride: int = 2,
                 config: str = "{}", threads: int = 1) -> rs.KaggricultureEnv:
>       return rs.KaggricultureEnv(n_envs, seed, stride, config, REWARD, threads, hire_limit=241)
               ^^^^^^^^^^^^^^^^^^^
E       AttributeError: module 'owl.rs' has no attribute 'KaggricultureEnv'

tests/kaggriculture/test_native_env.py:47: AttributeError
_____ test_every_destination_rejected_before_any_write[fortran-tile_cell] ______

name = 'tile_cell', kind = 'fortran'

    @pytest.mark.parametrize("name", DESTINATIONS)
    @pytest.mark.parametrize("kind", ["shape", "dtype", "readonly", "stride", "fortran", "unaligned", "overlap"])
    def test_every_destination_rejected_before_any_write(name: str, kind: str) -> None:
>       env = make_env(2)
              ^^^^^^^^^^^

tests/kaggriculture/test_native_env.py:75: 
_ _ _ _ _ _ _ _ _ _ _ _ _ _ _ _ _ _ _ _ _ _ _ _ _ _ _ _ _ _ _ _ _ _ _ _ _ _ _ _ 

n_envs = 2, seed = 11, stride = 2, config = '{}', threads = 1

    def make_env(n_envs: int = 1, seed: int = 11, stride: int = 2,
                 config: str = "{}", threads: int = 1) -> rs.KaggricultureEnv:
>       return rs.KaggricultureEnv(n_envs, seed, stride, config, REWARD, threads, hire_limit=241)
               ^^^^^^^^^^^^^^^^^^^
E       AttributeError: module 'owl.rs' has no attribute 'KaggricultureEnv'

tests/kaggriculture/test_native_env.py:47: AttributeError
_____ test_every_destination_rejected_before_any_write[fortran-tile_role] ______

name = 'tile_role', kind = 'fortran'

    @pytest.mark.parametrize("name", DESTINATIONS)
    @pytest.mark.parametrize("kind", ["shape", "dtype", "readonly", "stride", "fortran", "unaligned", "overlap"])
    def test_every_destination_rejected_before_any_write(name: str, kind: str) -> None:
>       env = make_env(2)
              ^^^^^^^^^^^

tests/kaggriculture/test_native_env.py:75: 
_ _ _ _ _ _ _ _ _ _ _ _ _ _ _ _ _ _ _ _ _ _ _ _ _ _ _ _ _ _ _ _ _ _ _ _ _ _ _ _ 

n_envs = 2, seed = 11, stride = 2, config = '{}', threads = 1

    def make_env(n_envs: int = 1, seed: int = 11, stride: int = 2,
                 config: str = "{}", threads: int = 1) -> rs.KaggricultureEnv:
>       return rs.KaggricultureEnv(n_envs, seed, stride, config, REWARD, threads, hire_limit=241)
               ^^^^^^^^^^^^^^^^^^^
E       AttributeError: module 'owl.rs' has no attribute 'KaggricultureEnv'

tests/kaggriculture/test_native_env.py:47: AttributeError
_____ test_every_destination_rejected_before_any_write[fortran-tiles_int] ______

name = 'tiles_int', kind = 'fortran'

    @pytest.mark.parametrize("name", DESTINATIONS)
    @pytest.mark.parametrize("kind", ["shape", "dtype", "readonly", "stride", "fortran", "unaligned", "overlap"])
    def test_every_destination_rejected_before_any_write(name: str, kind: str) -> None:
>       env = make_env(2)
              ^^^^^^^^^^^

tests/kaggriculture/test_native_env.py:75: 
_ _ _ _ _ _ _ _ _ _ _ _ _ _ _ _ _ _ _ _ _ _ _ _ _ _ _ _ _ _ _ _ _ _ _ _ _ _ _ _ 

n_envs = 2, seed = 11, stride = 2, config = '{}', threads = 1

    def make_env(n_envs: int = 1, seed: int = 11, stride: int = 2,
                 config: str = "{}", threads: int = 1) -> rs.KaggricultureEnv:
>       return rs.KaggricultureEnv(n_envs, seed, stride, config, REWARD, threads, hire_limit=241)
               ^^^^^^^^^^^^^^^^^^^
E       AttributeError: module 'owl.rs' has no attribute 'KaggricultureEnv'

tests/kaggriculture/test_native_env.py:47: AttributeError
____ test_every_destination_rejected_before_any_write[fortran-tiles_float] _____

name = 'tiles_float', kind = 'fortran'

    @pytest.mark.parametrize("name", DESTINATIONS)
    @pytest.mark.parametrize("kind", ["shape", "dtype", "readonly", "stride", "fortran", "unaligned", "overlap"])
    def test_every_destination_rejected_before_any_write(name: str, kind: str) -> None:
>       env = make_env(2)
              ^^^^^^^^^^^

tests/kaggriculture/test_native_env.py:75: 
_ _ _ _ _ _ _ _ _ _ _ _ _ _ _ _ _ _ _ _ _ _ _ _ _ _ _ _ _ _ _ _ _ _ _ _ _ _ _ _ 

n_envs = 2, seed = 11, stride = 2, config = '{}', threads = 1

    def make_env(n_envs: int = 1, seed: int = 11, stride: int = 2,
                 config: str = "{}", threads: int = 1) -> rs.KaggricultureEnv:
>       return rs.KaggricultureEnv(n_envs, seed, stride, config, REWARD, threads, hire_limit=241)
               ^^^^^^^^^^^^^^^^^^^
E       AttributeError: module 'owl.rs' has no attribute 'KaggricultureEnv'

tests/kaggriculture/test_native_env.py:47: AttributeError
_____ test_every_destination_rejected_before_any_write[fortran-actor_slot] _____

name = 'actor_slot', kind = 'fortran'

    @pytest.mark.parametrize("name", DESTINATIONS)
    @pytest.mark.parametrize("kind", ["shape", "dtype", "readonly", "stride", "fortran", "unaligned", "overlap"])
    def test_every_destination_rejected_before_any_write(name: str, kind: str) -> None:
>       env = make_env(2)
              ^^^^^^^^^^^

tests/kaggriculture/test_native_env.py:75: 
_ _ _ _ _ _ _ _ _ _ _ _ _ _ _ _ _ _ _ _ _ _ _ _ _ _ _ _ _ _ _ _ _ _ _ _ _ _ _ _ 

n_envs = 2, seed = 11, stride = 2, config = '{}', threads = 1

    def make_env(n_envs: int = 1, seed: int = 11, stride: int = 2,
                 config: str = "{}", threads: int = 1) -> rs.KaggricultureEnv:
>       return rs.KaggricultureEnv(n_envs, seed, stride, config, REWARD, threads, hire_limit=241)
               ^^^^^^^^^^^^^^^^^^^
E       AttributeError: module 'owl.rs' has no attribute 'KaggricultureEnv'

tests/kaggriculture/test_native_env.py:47: AttributeError
_____ test_every_destination_rejected_before_any_write[fortran-actor_cell] _____

name = 'actor_cell', kind = 'fortran'

    @pytest.mark.parametrize("name", DESTINATIONS)
    @pytest.mark.parametrize("kind", ["shape", "dtype", "readonly", "stride", "fortran", "unaligned", "overlap"])
    def test_every_destination_rejected_before_any_write(name: str, kind: str) -> None:
>       env = make_env(2)
              ^^^^^^^^^^^

tests/kaggriculture/test_native_env.py:75: 
_ _ _ _ _ _ _ _ _ _ _ _ _ _ _ _ _ _ _ _ _ _ _ _ _ _ _ _ _ _ _ _ _ _ _ _ _ _ _ _ 

n_envs = 2, seed = 11, stride = 2, config = '{}', threads = 1

    def make_env(n_envs: int = 1, seed: int = 11, stride: int = 2,
                 config: str = "{}", threads: int = 1) -> rs.KaggricultureEnv:
>       return rs.KaggricultureEnv(n_envs, seed, stride, config, REWARD, threads, hire_limit=241)
               ^^^^^^^^^^^^^^^^^^^
E       AttributeError: module 'owl.rs' has no attribute 'KaggricultureEnv'

tests/kaggriculture/test_native_env.py:47: AttributeError
_____ test_every_destination_rejected_before_any_write[fortran-actor_role] _____

name = 'actor_role', kind = 'fortran'

    @pytest.mark.parametrize("name", DESTINATIONS)
    @pytest.mark.parametrize("kind", ["shape", "dtype", "readonly", "stride", "fortran", "unaligned", "overlap"])
    def test_every_destination_rejected_before_any_write(name: str, kind: str) -> None:
>       env = make_env(2)
              ^^^^^^^^^^^

tests/kaggriculture/test_native_env.py:75: 
_ _ _ _ _ _ _ _ _ _ _ _ _ _ _ _ _ _ _ _ _ _ _ _ _ _ _ _ _ _ _ _ _ _ _ _ _ _ _ _ 

n_envs = 2, seed = 11, stride = 2, config = '{}', threads = 1

    def make_env(n_envs: int = 1, seed: int = 11, stride: int = 2,
                 config: str = "{}", threads: int = 1) -> rs.KaggricultureEnv:
>       return rs.KaggricultureEnv(n_envs, seed, stride, config, REWARD, threads, hire_limit=241)
               ^^^^^^^^^^^^^^^^^^^
E       AttributeError: module 'owl.rs' has no attribute 'KaggricultureEnv'

tests/kaggriculture/test_native_env.py:47: AttributeError
_____ test_every_destination_rejected_before_any_write[fortran-actor_mask] _____

name = 'actor_mask', kind = 'fortran'

    @pytest.mark.parametrize("name", DESTINATIONS)
    @pytest.mark.parametrize("kind", ["shape", "dtype", "readonly", "stride", "fortran", "unaligned", "overlap"])
    def test_every_destination_rejected_before_any_write(name: str, kind: str) -> None:
>       env = make_env(2)
              ^^^^^^^^^^^

tests/kaggriculture/test_native_env.py:75: 
_ _ _ _ _ _ _ _ _ _ _ _ _ _ _ _ _ _ _ _ _ _ _ _ _ _ _ _ _ _ _ _ _ _ _ _ _ _ _ _ 

n_envs = 2, seed = 11, stride = 2, config = '{}', threads = 1

    def make_env(n_envs: int = 1, seed: int = 11, stride: int = 2,
                 config: str = "{}", threads: int = 1) -> rs.KaggricultureEnv:
>       return rs.KaggricultureEnv(n_envs, seed, stride, config, REWARD, threads, hire_limit=241)
               ^^^^^^^^^^^^^^^^^^^
E       AttributeError: module 'owl.rs' has no attribute 'KaggricultureEnv'

tests/kaggriculture/test_native_env.py:47: AttributeError
__ test_every_destination_rejected_before_any_write[fortran-actor_inventory] ___

name = 'actor_inventory', kind = 'fortran'

    @pytest.mark.parametrize("name", DESTINATIONS)
    @pytest.mark.parametrize("kind", ["shape", "dtype", "readonly", "stride", "fortran", "unaligned", "overlap"])
    def test_every_destination_rejected_before_any_write(name: str, kind: str) -> None:
>       env = make_env(2)
              ^^^^^^^^^^^

tests/kaggriculture/test_native_env.py:75: 
_ _ _ _ _ _ _ _ _ _ _ _ _ _ _ _ _ _ _ _ _ _ _ _ _ _ _ _ _ _ _ _ _ _ _ _ _ _ _ _ 

n_envs = 2, seed = 11, stride = 2, config = '{}', threads = 1

    def make_env(n_envs: int = 1, seed: int = 11, stride: int = 2,
                 config: str = "{}", threads: int = 1) -> rs.KaggricultureEnv:
>       return rs.KaggricultureEnv(n_envs, seed, stride, config, REWARD, threads, hire_limit=241)
               ^^^^^^^^^^^^^^^^^^^
E       AttributeError: module 'owl.rs' has no attribute 'KaggricultureEnv'

tests/kaggriculture/test_native_env.py:47: AttributeError
_ test_every_destination_rejected_before_any_write[fortran-actor_inventory_rank] _

name = 'actor_inventory_rank', kind = 'fortran'

    @pytest.mark.parametrize("name", DESTINATIONS)
    @pytest.mark.parametrize("kind", ["shape", "dtype", "readonly", "stride", "fortran", "unaligned", "overlap"])
    def test_every_destination_rejected_before_any_write(name: str, kind: str) -> None:
>       env = make_env(2)
              ^^^^^^^^^^^

tests/kaggriculture/test_native_env.py:75: 
_ _ _ _ _ _ _ _ _ _ _ _ _ _ _ _ _ _ _ _ _ _ _ _ _ _ _ _ _ _ _ _ _ _ _ _ _ _ _ _ 

n_envs = 2, seed = 11, stride = 2, config = '{}', threads = 1

    def make_env(n_envs: int = 1, seed: int = 11, stride: int = 2,
                 config: str = "{}", threads: int = 1) -> rs.KaggricultureEnv:
>       return rs.KaggricultureEnv(n_envs, seed, stride, config, REWARD, threads, hire_limit=241)
               ^^^^^^^^^^^^^^^^^^^
E       AttributeError: module 'owl.rs' has no attribute 'KaggricultureEnv'

tests/kaggriculture/test_native_env.py:47: AttributeError
____ test_every_destination_rejected_before_any_write[fortran-actors_float] ____

name = 'actors_float', kind = 'fortran'

    @pytest.mark.parametrize("name", DESTINATIONS)
    @pytest.mark.parametrize("kind", ["shape", "dtype", "readonly", "stride", "fortran", "unaligned", "overlap"])
    def test_every_destination_rejected_before_any_write(name: str, kind: str) -> None:
>       env = make_env(2)
              ^^^^^^^^^^^

tests/kaggriculture/test_native_env.py:75: 
_ _ _ _ _ _ _ _ _ _ _ _ _ _ _ _ _ _ _ _ _ _ _ _ _ _ _ _ _ _ _ _ _ _ _ _ _ _ _ _ 

n_envs = 2, seed = 11, stride = 2, config = '{}', threads = 1

    def make_env(n_envs: int = 1, seed: int = 11, stride: int = 2,
                 config: str = "{}", threads: int = 1) -> rs.KaggricultureEnv:
>       return rs.KaggricultureEnv(n_envs, seed, stride, config, REWARD, threads, hire_limit=241)
               ^^^^^^^^^^^^^^^^^^^
E       AttributeError: module 'owl.rs' has no attribute 'KaggricultureEnv'

tests/kaggriculture/test_native_env.py:47: AttributeError
__ test_every_destination_rejected_before_any_write[fortran-player_features] ___

name = 'player_features', kind = 'fortran'

    @pytest.mark.parametrize("name", DESTINATIONS)
    @pytest.mark.parametrize("kind", ["shape", "dtype", "readonly", "stride", "fortran", "unaligned", "overlap"])
    def test_every_destination_rejected_before_any_write(name: str, kind: str) -> None:
>       env = make_env(2)
              ^^^^^^^^^^^

tests/kaggriculture/test_native_env.py:75: 
_ _ _ _ _ _ _ _ _ _ _ _ _ _ _ _ _ _ _ _ _ _ _ _ _ _ _ _ _ _ _ _ _ _ _ _ _ _ _ _ 

n_envs = 2, seed = 11, stride = 2, config = '{}', threads = 1

    def make_env(n_envs: int = 1, seed: int = 11, stride: int = 2,
                 config: str = "{}", threads: int = 1) -> rs.KaggricultureEnv:
>       return rs.KaggricultureEnv(n_envs, seed, stride, config, REWARD, threads, hire_limit=241)
               ^^^^^^^^^^^^^^^^^^^
E       AttributeError: module 'owl.rs' has no attribute 'KaggricultureEnv'

tests/kaggriculture/test_native_env.py:47: AttributeError
___ test_every_destination_rejected_before_any_write[fortran-storage_counts] ___

name = 'storage_counts', kind = 'fortran'

    @pytest.mark.parametrize("name", DESTINATIONS)
    @pytest.mark.parametrize("kind", ["shape", "dtype", "readonly", "stride", "fortran", "unaligned", "overlap"])
    def test_every_destination_rejected_before_any_write(name: str, kind: str) -> None:
>       env = make_env(2)
              ^^^^^^^^^^^

tests/kaggriculture/test_native_env.py:75: 
_ _ _ _ _ _ _ _ _ _ _ _ _ _ _ _ _ _ _ _ _ _ _ _ _ _ _ _ _ _ _ _ _ _ _ _ _ _ _ _ 

n_envs = 2, seed = 11, stride = 2, config = '{}', threads = 1

    def make_env(n_envs: int = 1, seed: int = 11, stride: int = 2,
                 config: str = "{}", threads: int = 1) -> rs.KaggricultureEnv:
>       return rs.KaggricultureEnv(n_envs, seed, stride, config, REWARD, threads, hire_limit=241)
               ^^^^^^^^^^^^^^^^^^^
E       AttributeError: module 'owl.rs' has no attribute 'KaggricultureEnv'

tests/kaggriculture/test_native_env.py:47: AttributeError
____ test_every_destination_rejected_before_any_write[fortran-storage_rank] ____

name = 'storage_rank', kind = 'fortran'

    @pytest.mark.parametrize("name", DESTINATIONS)
    @pytest.mark.parametrize("kind", ["shape", "dtype", "readonly", "stride", "fortran", "unaligned", "overlap"])
    def test_every_destination_rejected_before_any_write(name: str, kind: str) -> None:
>       env = make_env(2)
              ^^^^^^^^^^^

tests/kaggriculture/test_native_env.py:75: 
_ _ _ _ _ _ _ _ _ _ _ _ _ _ _ _ _ _ _ _ _ _ _ _ _ _ _ _ _ _ _ _ _ _ _ _ _ _ _ _ 

n_envs = 2, seed = 11, stride = 2, config = '{}', threads = 1

    def make_env(n_envs: int = 1, seed: int = 11, stride: int = 2,
                 config: str = "{}", threads: int = 1) -> rs.KaggricultureEnv:
>       return rs.KaggricultureEnv(n_envs, seed, stride, config, REWARD, threads, hire_limit=241)
               ^^^^^^^^^^^^^^^^^^^
E       AttributeError: module 'owl.rs' has no attribute 'KaggricultureEnv'

tests/kaggriculture/test_native_env.py:47: AttributeError
_______ test_every_destination_rejected_before_any_write[fortran-banks] ________

name = 'banks', kind = 'fortran'

    @pytest.mark.parametrize("name", DESTINATIONS)
    @pytest.mark.parametrize("kind", ["shape", "dtype", "readonly", "stride", "fortran", "unaligned", "overlap"])
    def test_every_destination_rejected_before_any_write(name: str, kind: str) -> None:
>       env = make_env(2)
              ^^^^^^^^^^^

tests/kaggriculture/test_native_env.py:75: 
_ _ _ _ _ _ _ _ _ _ _ _ _ _ _ _ _ _ _ _ _ _ _ _ _ _ _ _ _ _ _ _ _ _ _ _ _ _ _ _ 

n_envs = 2, seed = 11, stride = 2, config = '{}', threads = 1

    def make_env(n_envs: int = 1, seed: int = 11, stride: int = 2,
                 config: str = "{}", threads: int = 1) -> rs.KaggricultureEnv:
>       return rs.KaggricultureEnv(n_envs, seed, stride, config, REWARD, threads, hire_limit=241)
               ^^^^^^^^^^^^^^^^^^^
E       AttributeError: module 'owl.rs' has no attribute 'KaggricultureEnv'

tests/kaggriculture/test_native_env.py:47: AttributeError
_____ test_every_destination_rejected_before_any_write[fortran-shop_type] ______

name = 'shop_type', kind = 'fortran'

    @pytest.mark.parametrize("name", DESTINATIONS)
    @pytest.mark.parametrize("kind", ["shape", "dtype", "readonly", "stride", "fortran", "unaligned", "overlap"])
    def test_every_destination_rejected_before_any_write(name: str, kind: str) -> None:
>       env = make_env(2)
              ^^^^^^^^^^^

tests/kaggriculture/test_native_env.py:75: 
_ _ _ _ _ _ _ _ _ _ _ _ _ _ _ _ _ _ _ _ _ _ _ _ _ _ _ _ _ _ _ _ _ _ _ _ _ _ _ _ 

n_envs = 2, seed = 11, stride = 2, config = '{}', threads = 1

    def make_env(n_envs: int = 1, seed: int = 11, stride: int = 2,
                 config: str = "{}", threads: int = 1) -> rs.KaggricultureEnv:
>       return rs.KaggricultureEnv(n_envs, seed, stride, config, REWARD, threads, hire_limit=241)
               ^^^^^^^^^^^^^^^^^^^
E       AttributeError: module 'owl.rs' has no attribute 'KaggricultureEnv'

tests/kaggriculture/test_native_env.py:47: AttributeError
_____ test_every_destination_rejected_before_any_write[fortran-shop_slot] ______

name = 'shop_slot', kind = 'fortran'

    @pytest.mark.parametrize("name", DESTINATIONS)
    @pytest.mark.parametrize("kind", ["shape", "dtype", "readonly", "stride", "fortran", "unaligned", "overlap"])
    def test_every_destination_rejected_before_any_write(name: str, kind: str) -> None:
>       env = make_env(2)
              ^^^^^^^^^^^

tests/kaggriculture/test_native_env.py:75: 
_ _ _ _ _ _ _ _ _ _ _ _ _ _ _ _ _ _ _ _ _ _ _ _ _ _ _ _ _ _ _ _ _ _ _ _ _ _ _ _ 

n_envs = 2, seed = 11, stride = 2, config = '{}', threads = 1

    def make_env(n_envs: int = 1, seed: int = 11, stride: int = 2,
                 config: str = "{}", threads: int = 1) -> rs.KaggricultureEnv:
>       return rs.KaggricultureEnv(n_envs, seed, stride, config, REWARD, threads, hire_limit=241)
               ^^^^^^^^^^^^^^^^^^^
E       AttributeError: module 'owl.rs' has no attribute 'KaggricultureEnv'

tests/kaggriculture/test_native_env.py:47: AttributeError
_____ test_every_destination_rejected_before_any_write[fortran-shop_mask] ______

name = 'shop_mask', kind = 'fortran'

    @pytest.mark.parametrize("name", DESTINATIONS)
    @pytest.mark.parametrize("kind", ["shape", "dtype", "readonly", "stride", "fortran", "unaligned", "overlap"])
    def test_every_destination_rejected_before_any_write(name: str, kind: str) -> None:
>       env = make_env(2)
              ^^^^^^^^^^^

tests/kaggriculture/test_native_env.py:75: 
_ _ _ _ _ _ _ _ _ _ _ _ _ _ _ _ _ _ _ _ _ _ _ _ _ _ _ _ _ _ _ _ _ _ _ _ _ _ _ _ 

n_envs = 2, seed = 11, stride = 2, config = '{}', threads = 1

    def make_env(n_envs: int = 1, seed: int = 11, stride: int = 2,
                 config: str = "{}", threads: int = 1) -> rs.KaggricultureEnv:
>       return rs.KaggricultureEnv(n_envs, seed, stride, config, REWARD, threads, hire_limit=241)
               ^^^^^^^^^^^^^^^^^^^
E       AttributeError: module 'owl.rs' has no attribute 'KaggricultureEnv'

tests/kaggriculture/test_native_env.py:47: AttributeError
___ test_every_destination_rejected_before_any_write[fortran-market_product] ___

name = 'market_product', kind = 'fortran'

    @pytest.mark.parametrize("name", DESTINATIONS)
    @pytest.mark.parametrize("kind", ["shape", "dtype", "readonly", "stride", "fortran", "unaligned", "overlap"])
    def test_every_destination_rejected_before_any_write(name: str, kind: str) -> None:
>       env = make_env(2)
              ^^^^^^^^^^^

tests/kaggriculture/test_native_env.py:75: 
_ _ _ _ _ _ _ _ _ _ _ _ _ _ _ _ _ _ _ _ _ _ _ _ _ _ _ _ _ _ _ _ _ _ _ _ _ _ _ _ 

n_envs = 2, seed = 11, stride = 2, config = '{}', threads = 1

    def make_env(n_envs: int = 1, seed: int = 11, stride: int = 2,
                 config: str = "{}", threads: int = 1) -> rs.KaggricultureEnv:
>       return rs.KaggricultureEnv(n_envs, seed, stride, config, REWARD, threads, hire_limit=241)
               ^^^^^^^^^^^^^^^^^^^
E       AttributeError: module 'owl.rs' has no attribute 'KaggricultureEnv'

tests/kaggriculture/test_native_env.py:47: AttributeError
____ test_every_destination_rejected_before_any_write[fortran-market_float] ____

name = 'market_float', kind = 'fortran'

    @pytest.mark.parametrize("name", DESTINATIONS)
    @pytest.mark.parametrize("kind", ["shape", "dtype", "readonly", "stride", "fortran", "unaligned", "overlap"])
    def test_every_destination_rejected_before_any_write(name: str, kind: str) -> None:
>       env = make_env(2)
              ^^^^^^^^^^^

tests/kaggriculture/test_native_env.py:75: 
_ _ _ _ _ _ _ _ _ _ _ _ _ _ _ _ _ _ _ _ _ _ _ _ _ _ _ _ _ _ _ _ _ _ _ _ _ _ _ _ 

n_envs = 2, seed = 11, stride = 2, config = '{}', threads = 1

    def make_env(n_envs: int = 1, seed: int = 11, stride: int = 2,
                 config: str = "{}", threads: int = 1) -> rs.KaggricultureEnv:
>       return rs.KaggricultureEnv(n_envs, seed, stride, config, REWARD, threads, hire_limit=241)
               ^^^^^^^^^^^^^^^^^^^
E       AttributeError: module 'owl.rs' has no attribute 'KaggricultureEnv'

tests/kaggriculture/test_native_env.py:47: AttributeError
_____ test_every_destination_rejected_before_any_write[fortran-market_int] _____

name = 'market_int', kind = 'fortran'

    @pytest.mark.parametrize("name", DESTINATIONS)
    @pytest.mark.parametrize("kind", ["shape", "dtype", "readonly", "stride", "fortran", "unaligned", "overlap"])
    def test_every_destination_rejected_before_any_write(name: str, kind: str) -> None:
>       env = make_env(2)
              ^^^^^^^^^^^

tests/kaggriculture/test_native_env.py:75: 
_ _ _ _ _ _ _ _ _ _ _ _ _ _ _ _ _ _ _ _ _ _ _ _ _ _ _ _ _ _ _ _ _ _ _ _ _ _ _ _ 

n_envs = 2, seed = 11, stride = 2, config = '{}', threads = 1

    def make_env(n_envs: int = 1, seed: int = 11, stride: int = 2,
                 config: str = "{}", threads: int = 1) -> rs.KaggricultureEnv:
>       return rs.KaggricultureEnv(n_envs, seed, stride, config, REWARD, threads, hire_limit=241)
               ^^^^^^^^^^^^^^^^^^^
E       AttributeError: module 'owl.rs' has no attribute 'KaggricultureEnv'

tests/kaggriculture/test_native_env.py:47: AttributeError
__ test_every_destination_rejected_before_any_write[fortran-global_features] ___

name = 'global_features', kind = 'fortran'

    @pytest.mark.parametrize("name", DESTINATIONS)
    @pytest.mark.parametrize("kind", ["shape", "dtype", "readonly", "stride", "fortran", "unaligned", "overlap"])
    def test_every_destination_rejected_before_any_write(name: str, kind: str) -> None:
>       env = make_env(2)
              ^^^^^^^^^^^

tests/kaggriculture/test_native_env.py:75: 
_ _ _ _ _ _ _ _ _ _ _ _ _ _ _ _ _ _ _ _ _ _ _ _ _ _ _ _ _ _ _ _ _ _ _ _ _ _ _ _ 

n_envs = 2, seed = 11, stride = 2, config = '{}', threads = 1

    def make_env(n_envs: int = 1, seed: int = 11, stride: int = 2,
                 config: str = "{}", threads: int = 1) -> rs.KaggricultureEnv:
>       return rs.KaggricultureEnv(n_envs, seed, stride, config, REWARD, threads, hire_limit=241)
               ^^^^^^^^^^^^^^^^^^^
E       AttributeError: module 'owl.rs' has no attribute 'KaggricultureEnv'

tests/kaggriculture/test_native_env.py:47: AttributeError
____ test_every_destination_rejected_before_any_write[fortran-globals_int] _____

name = 'globals_int', kind = 'fortran'

    @pytest.mark.parametrize("name", DESTINATIONS)
    @pytest.mark.parametrize("kind", ["shape", "dtype", "readonly", "stride", "fortran", "unaligned", "overlap"])
    def test_every_destination_rejected_before_any_write(name: str, kind: str) -> None:
>       env = make_env(2)
              ^^^^^^^^^^^

tests/kaggriculture/test_native_env.py:75: 
_ _ _ _ _ _ _ _ _ _ _ _ _ _ _ _ _ _ _ _ _ _ _ _ _ _ _ _ _ _ _ _ _ _ _ _ _ _ _ _ 

n_envs = 2, seed = 11, stride = 2, config = '{}', threads = 1

    def make_env(n_envs: int = 1, seed: int = 11, stride: int = 2,
                 config: str = "{}", threads: int = 1) -> rs.KaggricultureEnv:
>       return rs.KaggricultureEnv(n_envs, seed, stride, config, REWARD, threads, hire_limit=241)
               ^^^^^^^^^^^^^^^^^^^
E       AttributeError: module 'owl.rs' has no attribute 'KaggricultureEnv'

tests/kaggriculture/test_native_env.py:47: AttributeError
___ test_every_destination_rejected_before_any_write[fortran-still_playing] ____

name = 'still_playing', kind = 'fortran'

    @pytest.mark.parametrize("name", DESTINATIONS)
    @pytest.mark.parametrize("kind", ["shape", "dtype", "readonly", "stride", "fortran", "unaligned", "overlap"])
    def test_every_destination_rejected_before_any_write(name: str, kind: str) -> None:
>       env = make_env(2)
              ^^^^^^^^^^^

tests/kaggriculture/test_native_env.py:75: 
_ _ _ _ _ _ _ _ _ _ _ _ _ _ _ _ _ _ _ _ _ _ _ _ _ _ _ _ _ _ _ _ _ _ _ _ _ _ _ _ 

n_envs = 2, seed = 11, stride = 2, config = '{}', threads = 1

    def make_env(n_envs: int = 1, seed: int = 11, stride: int = 2,
                 config: str = "{}", threads: int = 1) -> rs.KaggricultureEnv:
>       return rs.KaggricultureEnv(n_envs, seed, stride, config, REWARD, threads, hire_limit=241)
               ^^^^^^^^^^^^^^^^^^^
E       AttributeError: module 'owl.rs' has no attribute 'KaggricultureEnv'

tests/kaggriculture/test_native_env.py:47: AttributeError
____ test_every_destination_rejected_before_any_write[fortran-order_limits] ____

name = 'order_limits', kind = 'fortran'

    @pytest.mark.parametrize("name", DESTINATIONS)
    @pytest.mark.parametrize("kind", ["shape", "dtype", "readonly", "stride", "fortran", "unaligned", "overlap"])
    def test_every_destination_rejected_before_any_write(name: str, kind: str) -> None:
>       env = make_env(2)
              ^^^^^^^^^^^

tests/kaggriculture/test_native_env.py:75: 
_ _ _ _ _ _ _ _ _ _ _ _ _ _ _ _ _ _ _ _ _ _ _ _ _ _ _ _ _ _ _ _ _ _ _ _ _ _ _ _ 

n_envs = 2, seed = 11, stride = 2, config = '{}', threads = 1

    def make_env(n_envs: int = 1, seed: int = 11, stride: int = 2,
                 config: str = "{}", threads: int = 1) -> rs.KaggricultureEnv:
>       return rs.KaggricultureEnv(n_envs, seed, stride, config, REWARD, threads, hire_limit=241)
               ^^^^^^^^^^^^^^^^^^^
E       AttributeError: module 'owl.rs' has no attribute 'KaggricultureEnv'

tests/kaggriculture/test_native_env.py:47: AttributeError
______ test_every_destination_rejected_before_any_write[fortran-can_act] _______

name = 'can_act', kind = 'fortran'

    @pytest.mark.parametrize("name", DESTINATIONS)
    @pytest.mark.parametrize("kind", ["shape", "dtype", "readonly", "stride", "fortran", "unaligned", "overlap"])
    def test_every_destination_rejected_before_any_write(name: str, kind: str) -> None:
>       env = make_env(2)
              ^^^^^^^^^^^

tests/kaggriculture/test_native_env.py:75: 
_ _ _ _ _ _ _ _ _ _ _ _ _ _ _ _ _ _ _ _ _ _ _ _ _ _ _ _ _ _ _ _ _ _ _ _ _ _ _ _ 

n_envs = 2, seed = 11, stride = 2, config = '{}', threads = 1

    def make_env(n_envs: int = 1, seed: int = 11, stride: int = 2,
                 config: str = "{}", threads: int = 1) -> rs.KaggricultureEnv:
>       return rs.KaggricultureEnv(n_envs, seed, stride, config, REWARD, threads, hire_limit=241)
               ^^^^^^^^^^^^^^^^^^^
E       AttributeError: module 'owl.rs' has no attribute 'KaggricultureEnv'

tests/kaggriculture/test_native_env.py:47: AttributeError
______ test_every_destination_rejected_before_any_write[fortran-rewards] _______

name = 'rewards', kind = 'fortran'

    @pytest.mark.parametrize("name", DESTINATIONS)
    @pytest.mark.parametrize("kind", ["shape", "dtype", "readonly", "stride", "fortran", "unaligned", "overlap"])
    def test_every_destination_rejected_before_any_write(name: str, kind: str) -> None:
>       env = make_env(2)
              ^^^^^^^^^^^

tests/kaggriculture/test_native_env.py:75: 
_ _ _ _ _ _ _ _ _ _ _ _ _ _ _ _ _ _ _ _ _ _ _ _ _ _ _ _ _ _ _ _ _ _ _ _ _ _ _ _ 

n_envs = 2, seed = 11, stride = 2, config = '{}', threads = 1

    def make_env(n_envs: int = 1, seed: int = 11, stride: int = 2,
                 config: str = "{}", threads: int = 1) -> rs.KaggricultureEnv:
>       return rs.KaggricultureEnv(n_envs, seed, stride, config, REWARD, threads, hire_limit=241)
               ^^^^^^^^^^^^^^^^^^^
E       AttributeError: module 'owl.rs' has no attribute 'KaggricultureEnv'

tests/kaggriculture/test_native_env.py:47: AttributeError
_______ test_every_destination_rejected_before_any_write[fortran-dones] ________

name = 'dones', kind = 'fortran'

    @pytest.mark.parametrize("name", DESTINATIONS)
    @pytest.mark.parametrize("kind", ["shape", "dtype", "readonly", "stride", "fortran", "unaligned", "overlap"])
    def test_every_destination_rejected_before_any_write(name: str, kind: str) -> None:
>       env = make_env(2)
              ^^^^^^^^^^^

tests/kaggriculture/test_native_env.py:75: 
_ _ _ _ _ _ _ _ _ _ _ _ _ _ _ _ _ _ _ _ _ _ _ _ _ _ _ _ _ _ _ _ _ _ _ _ _ _ _ _ 

n_envs = 2, seed = 11, stride = 2, config = '{}', threads = 1

    def make_env(n_envs: int = 1, seed: int = 11, stride: int = 2,
                 config: str = "{}", threads: int = 1) -> rs.KaggricultureEnv:
>       return rs.KaggricultureEnv(n_envs, seed, stride, config, REWARD, threads, hire_limit=241)
               ^^^^^^^^^^^^^^^^^^^
E       AttributeError: module 'owl.rs' has no attribute 'KaggricultureEnv'

tests/kaggriculture/test_native_env.py:47: AttributeError
_ test_every_destination_rejected_before_any_write[fortran-transition_banks_before] _

name = 'transition_banks_before', kind = 'fortran'

    @pytest.mark.parametrize("name", DESTINATIONS)
    @pytest.mark.parametrize("kind", ["shape", "dtype", "readonly", "stride", "fortran", "unaligned", "overlap"])
    def test_every_destination_rejected_before_any_write(name: str, kind: str) -> None:
>       env = make_env(2)
              ^^^^^^^^^^^

tests/kaggriculture/test_native_env.py:75: 
_ _ _ _ _ _ _ _ _ _ _ _ _ _ _ _ _ _ _ _ _ _ _ _ _ _ _ _ _ _ _ _ _ _ _ _ _ _ _ _ 

n_envs = 2, seed = 11, stride = 2, config = '{}', threads = 1

    def make_env(n_envs: int = 1, seed: int = 11, stride: int = 2,
                 config: str = "{}", threads: int = 1) -> rs.KaggricultureEnv:
>       return rs.KaggricultureEnv(n_envs, seed, stride, config, REWARD, threads, hire_limit=241)
               ^^^^^^^^^^^^^^^^^^^
E       AttributeError: module 'owl.rs' has no attribute 'KaggricultureEnv'

tests/kaggriculture/test_native_env.py:47: AttributeError
_ test_every_destination_rejected_before_any_write[fortran-transition_banks_after] _

name = 'transition_banks_after', kind = 'fortran'

    @pytest.mark.parametrize("name", DESTINATIONS)
    @pytest.mark.parametrize("kind", ["shape", "dtype", "readonly", "stride", "fortran", "unaligned", "overlap"])
    def test_every_destination_rejected_before_any_write(name: str, kind: str) -> None:
>       env = make_env(2)
              ^^^^^^^^^^^

tests/kaggriculture/test_native_env.py:75: 
_ _ _ _ _ _ _ _ _ _ _ _ _ _ _ _ _ _ _ _ _ _ _ _ _ _ _ _ _ _ _ _ _ _ _ _ _ _ _ _ 

n_envs = 2, seed = 11, stride = 2, config = '{}', threads = 1

    def make_env(n_envs: int = 1, seed: int = 11, stride: int = 2,
                 config: str = "{}", threads: int = 1) -> rs.KaggricultureEnv:
>       return rs.KaggricultureEnv(n_envs, seed, stride, config, REWARD, threads, hire_limit=241)
               ^^^^^^^^^^^^^^^^^^^
E       AttributeError: module 'owl.rs' has no attribute 'KaggricultureEnv'

tests/kaggriculture/test_native_env.py:47: AttributeError
_ test_every_destination_rejected_before_any_write[fortran-transition_econ_before] _

name = 'transition_econ_before', kind = 'fortran'

    @pytest.mark.parametrize("name", DESTINATIONS)
    @pytest.mark.parametrize("kind", ["shape", "dtype", "readonly", "stride", "fortran", "unaligned", "overlap"])
    def test_every_destination_rejected_before_any_write(name: str, kind: str) -> None:
>       env = make_env(2)
              ^^^^^^^^^^^

tests/kaggriculture/test_native_env.py:75: 
_ _ _ _ _ _ _ _ _ _ _ _ _ _ _ _ _ _ _ _ _ _ _ _ _ _ _ _ _ _ _ _ _ _ _ _ _ _ _ _ 

n_envs = 2, seed = 11, stride = 2, config = '{}', threads = 1

    def make_env(n_envs: int = 1, seed: int = 11, stride: int = 2,
                 config: str = "{}", threads: int = 1) -> rs.KaggricultureEnv:
>       return rs.KaggricultureEnv(n_envs, seed, stride, config, REWARD, threads, hire_limit=241)
               ^^^^^^^^^^^^^^^^^^^
E       AttributeError: module 'owl.rs' has no attribute 'KaggricultureEnv'

tests/kaggriculture/test_native_env.py:47: AttributeError
_ test_every_destination_rejected_before_any_write[fortran-transition_econ_after] _

name = 'transition_econ_after', kind = 'fortran'

    @pytest.mark.parametrize("name", DESTINATIONS)
    @pytest.mark.parametrize("kind", ["shape", "dtype", "readonly", "stride", "fortran", "unaligned", "overlap"])
    def test_every_destination_rejected_before_any_write(name: str, kind: str) -> None:
>       env = make_env(2)
              ^^^^^^^^^^^

tests/kaggriculture/test_native_env.py:75: 
_ _ _ _ _ _ _ _ _ _ _ _ _ _ _ _ _ _ _ _ _ _ _ _ _ _ _ _ _ _ _ _ _ _ _ _ _ _ _ _ 

n_envs = 2, seed = 11, stride = 2, config = '{}', threads = 1

    def make_env(n_envs: int = 1, seed: int = 11, stride: int = 2,
                 config: str = "{}", threads: int = 1) -> rs.KaggricultureEnv:
>       return rs.KaggricultureEnv(n_envs, seed, stride, config, REWARD, threads, hire_limit=241)
               ^^^^^^^^^^^^^^^^^^^
E       AttributeError: module 'owl.rs' has no attribute 'KaggricultureEnv'

tests/kaggriculture/test_native_env.py:47: AttributeError
____ test_every_destination_rejected_before_any_write[unaligned-tile_kind] _____

name = 'tile_kind', kind = 'unaligned'

    @pytest.mark.parametrize("name", DESTINATIONS)
    @pytest.mark.parametrize("kind", ["shape", "dtype", "readonly", "stride", "fortran", "unaligned", "overlap"])
    def test_every_destination_rejected_before_any_write(name: str, kind: str) -> None:
>       env = make_env(2)
              ^^^^^^^^^^^

tests/kaggriculture/test_native_env.py:75: 
_ _ _ _ _ _ _ _ _ _ _ _ _ _ _ _ _ _ _ _ _ _ _ _ _ _ _ _ _ _ _ _ _ _ _ _ _ _ _ _ 

n_envs = 2, seed = 11, stride = 2, config = '{}', threads = 1

    def make_env(n_envs: int = 1, seed: int = 11, stride: int = 2,
                 config: str = "{}", threads: int = 1) -> rs.KaggricultureEnv:
>       return rs.KaggricultureEnv(n_envs, seed, stride, config, REWARD, threads, hire_limit=241)
               ^^^^^^^^^^^^^^^^^^^
E       AttributeError: module 'owl.rs' has no attribute 'KaggricultureEnv'

tests/kaggriculture/test_native_env.py:47: AttributeError
____ test_every_destination_rejected_before_any_write[unaligned-tile_crop] _____

name = 'tile_crop', kind = 'unaligned'

    @pytest.mark.parametrize("name", DESTINATIONS)
    @pytest.mark.parametrize("kind", ["shape", "dtype", "readonly", "stride", "fortran", "unaligned", "overlap"])
    def test_every_destination_rejected_before_any_write(name: str, kind: str) -> None:
>       env = make_env(2)
              ^^^^^^^^^^^

tests/kaggriculture/test_native_env.py:75: 
_ _ _ _ _ _ _ _ _ _ _ _ _ _ _ _ _ _ _ _ _ _ _ _ _ _ _ _ _ _ _ _ _ _ _ _ _ _ _ _ 

n_envs = 2, seed = 11, stride = 2, config = '{}', threads = 1

    def make_env(n_envs: int = 1, seed: int = 11, stride: int = 2,
                 config: str = "{}", threads: int = 1) -> rs.KaggricultureEnv:
>       return rs.KaggricultureEnv(n_envs, seed, stride, config, REWARD, threads, hire_limit=241)
               ^^^^^^^^^^^^^^^^^^^
E       AttributeError: module 'owl.rs' has no attribute 'KaggricultureEnv'

tests/kaggriculture/test_native_env.py:47: AttributeError
___ test_every_destination_rejected_before_any_write[unaligned-tile_animal] ____

name = 'tile_animal', kind = 'unaligned'

    @pytest.mark.parametrize("name", DESTINATIONS)
    @pytest.mark.parametrize("kind", ["shape", "dtype", "readonly", "stride", "fortran", "unaligned", "overlap"])
    def test_every_destination_rejected_before_any_write(name: str, kind: str) -> None:
>       env = make_env(2)
              ^^^^^^^^^^^

tests/kaggriculture/test_native_env.py:75: 
_ _ _ _ _ _ _ _ _ _ _ _ _ _ _ _ _ _ _ _ _ _ _ _ _ _ _ _ _ _ _ _ _ _ _ _ _ _ _ _ 

n_envs = 2, seed = 11, stride = 2, config = '{}', threads = 1

    def make_env(n_envs: int = 1, seed: int = 11, stride: int = 2,
                 config: str = "{}", threads: int = 1) -> rs.KaggricultureEnv:
>       return rs.KaggricultureEnv(n_envs, seed, stride, config, REWARD, threads, hire_limit=241)
               ^^^^^^^^^^^^^^^^^^^
E       AttributeError: module 'owl.rs' has no attribute 'KaggricultureEnv'

tests/kaggriculture/test_native_env.py:47: AttributeError
____ test_every_destination_rejected_before_any_write[unaligned-tile_cell] _____

name = 'tile_cell', kind = 'unaligned'

    @pytest.mark.parametrize("name", DESTINATIONS)
    @pytest.mark.parametrize("kind", ["shape", "dtype", "readonly", "stride", "fortran", "unaligned", "overlap"])
    def test_every_destination_rejected_before_any_write(name: str, kind: str) -> None:
>       env = make_env(2)
              ^^^^^^^^^^^

tests/kaggriculture/test_native_env.py:75: 
_ _ _ _ _ _ _ _ _ _ _ _ _ _ _ _ _ _ _ _ _ _ _ _ _ _ _ _ _ _ _ _ _ _ _ _ _ _ _ _ 

n_envs = 2, seed = 11, stride = 2, config = '{}', threads = 1

    def make_env(n_envs: int = 1, seed: int = 11, stride: int = 2,
                 config: str = "{}", threads: int = 1) -> rs.KaggricultureEnv:
>       return rs.KaggricultureEnv(n_envs, seed, stride, config, REWARD, threads, hire_limit=241)
               ^^^^^^^^^^^^^^^^^^^
E       AttributeError: module 'owl.rs' has no attribute 'KaggricultureEnv'

tests/kaggriculture/test_native_env.py:47: AttributeError
____ test_every_destination_rejected_before_any_write[unaligned-tile_role] _____

name = 'tile_role', kind = 'unaligned'

    @pytest.mark.parametrize("name", DESTINATIONS)
    @pytest.mark.parametrize("kind", ["shape", "dtype", "readonly", "stride", "fortran", "unaligned", "overlap"])
    def test_every_destination_rejected_before_any_write(name: str, kind: str) -> None:
>       env = make_env(2)
              ^^^^^^^^^^^

tests/kaggriculture/test_native_env.py:75: 
_ _ _ _ _ _ _ _ _ _ _ _ _ _ _ _ _ _ _ _ _ _ _ _ _ _ _ _ _ _ _ _ _ _ _ _ _ _ _ _ 

n_envs = 2, seed = 11, stride = 2, config = '{}', threads = 1

    def make_env(n_envs: int = 1, seed: int = 11, stride: int = 2,
                 config: str = "{}", threads: int = 1) -> rs.KaggricultureEnv:
>       return rs.KaggricultureEnv(n_envs, seed, stride, config, REWARD, threads, hire_limit=241)
               ^^^^^^^^^^^^^^^^^^^
E       AttributeError: module 'owl.rs' has no attribute 'KaggricultureEnv'

tests/kaggriculture/test_native_env.py:47: AttributeError
____ test_every_destination_rejected_before_any_write[unaligned-tiles_int] _____

name = 'tiles_int', kind = 'unaligned'

    @pytest.mark.parametrize("name", DESTINATIONS)
    @pytest.mark.parametrize("kind", ["shape", "dtype", "readonly", "stride", "fortran", "unaligned", "overlap"])
    def test_every_destination_rejected_before_any_write(name: str, kind: str) -> None:
>       env = make_env(2)
              ^^^^^^^^^^^

tests/kaggriculture/test_native_env.py:75: 
_ _ _ _ _ _ _ _ _ _ _ _ _ _ _ _ _ _ _ _ _ _ _ _ _ _ _ _ _ _ _ _ _ _ _ _ _ _ _ _ 

n_envs = 2, seed = 11, stride = 2, config = '{}', threads = 1

    def make_env(n_envs: int = 1, seed: int = 11, stride: int = 2,
                 config: str = "{}", threads: int = 1) -> rs.KaggricultureEnv:
>       return rs.KaggricultureEnv(n_envs, seed, stride, config, REWARD, threads, hire_limit=241)
               ^^^^^^^^^^^^^^^^^^^
E       AttributeError: module 'owl.rs' has no attribute 'KaggricultureEnv'

tests/kaggriculture/test_native_env.py:47: AttributeError
___ test_every_destination_rejected_before_any_write[unaligned-tiles_float] ____

name = 'tiles_float', kind = 'unaligned'

    @pytest.mark.parametrize("name", DESTINATIONS)
    @pytest.mark.parametrize("kind", ["shape", "dtype", "readonly", "stride", "fortran", "unaligned", "overlap"])
    def test_every_destination_rejected_before_any_write(name: str, kind: str) -> None:
>       env = make_env(2)
              ^^^^^^^^^^^

tests/kaggriculture/test_native_env.py:75: 
_ _ _ _ _ _ _ _ _ _ _ _ _ _ _ _ _ _ _ _ _ _ _ _ _ _ _ _ _ _ _ _ _ _ _ _ _ _ _ _ 

n_envs = 2, seed = 11, stride = 2, config = '{}', threads = 1

    def make_env(n_envs: int = 1, seed: int = 11, stride: int = 2,
                 config: str = "{}", threads: int = 1) -> rs.KaggricultureEnv:
>       return rs.KaggricultureEnv(n_envs, seed, stride, config, REWARD, threads, hire_limit=241)
               ^^^^^^^^^^^^^^^^^^^
E       AttributeError: module 'owl.rs' has no attribute 'KaggricultureEnv'

tests/kaggriculture/test_native_env.py:47: AttributeError
____ test_every_destination_rejected_before_any_write[unaligned-actor_slot] ____

name = 'actor_slot', kind = 'unaligned'

    @pytest.mark.parametrize("name", DESTINATIONS)
    @pytest.mark.parametrize("kind", ["shape", "dtype", "readonly", "stride", "fortran", "unaligned", "overlap"])
    def test_every_destination_rejected_before_any_write(name: str, kind: str) -> None:
>       env = make_env(2)
              ^^^^^^^^^^^

tests/kaggriculture/test_native_env.py:75: 
_ _ _ _ _ _ _ _ _ _ _ _ _ _ _ _ _ _ _ _ _ _ _ _ _ _ _ _ _ _ _ _ _ _ _ _ _ _ _ _ 

n_envs = 2, seed = 11, stride = 2, config = '{}', threads = 1

    def make_env(n_envs: int = 1, seed: int = 11, stride: int = 2,
                 config: str = "{}", threads: int = 1) -> rs.KaggricultureEnv:
>       return rs.KaggricultureEnv(n_envs, seed, stride, config, REWARD, threads, hire_limit=241)
               ^^^^^^^^^^^^^^^^^^^
E       AttributeError: module 'owl.rs' has no attribute 'KaggricultureEnv'

tests/kaggriculture/test_native_env.py:47: AttributeError
____ test_every_destination_rejected_before_any_write[unaligned-actor_cell] ____

name = 'actor_cell', kind = 'unaligned'

    @pytest.mark.parametrize("name", DESTINATIONS)
    @pytest.mark.parametrize("kind", ["shape", "dtype", "readonly", "stride", "fortran", "unaligned", "overlap"])
    def test_every_destination_rejected_before_any_write(name: str, kind: str) -> None:
>       env = make_env(2)
              ^^^^^^^^^^^

tests/kaggriculture/test_native_env.py:75: 
_ _ _ _ _ _ _ _ _ _ _ _ _ _ _ _ _ _ _ _ _ _ _ _ _ _ _ _ _ _ _ _ _ _ _ _ _ _ _ _ 

n_envs = 2, seed = 11, stride = 2, config = '{}', threads = 1

    def make_env(n_envs: int = 1, seed: int = 11, stride: int = 2,
                 config: str = "{}", threads: int = 1) -> rs.KaggricultureEnv:
>       return rs.KaggricultureEnv(n_envs, seed, stride, config, REWARD, threads, hire_limit=241)
               ^^^^^^^^^^^^^^^^^^^
E       AttributeError: module 'owl.rs' has no attribute 'KaggricultureEnv'

tests/kaggriculture/test_native_env.py:47: AttributeError
____ test_every_destination_rejected_before_any_write[unaligned-actor_role] ____

name = 'actor_role', kind = 'unaligned'

    @pytest.mark.parametrize("name", DESTINATIONS)
    @pytest.mark.parametrize("kind", ["shape", "dtype", "readonly", "stride", "fortran", "unaligned", "overlap"])
    def test_every_destination_rejected_before_any_write(name: str, kind: str) -> None:
>       env = make_env(2)
              ^^^^^^^^^^^

tests/kaggriculture/test_native_env.py:75: 
_ _ _ _ _ _ _ _ _ _ _ _ _ _ _ _ _ _ _ _ _ _ _ _ _ _ _ _ _ _ _ _ _ _ _ _ _ _ _ _ 

n_envs = 2, seed = 11, stride = 2, config = '{}', threads = 1

    def make_env(n_envs: int = 1, seed: int = 11, stride: int = 2,
                 config: str = "{}", threads: int = 1) -> rs.KaggricultureEnv:
>       return rs.KaggricultureEnv(n_envs, seed, stride, config, REWARD, threads, hire_limit=241)
               ^^^^^^^^^^^^^^^^^^^
E       AttributeError: module 'owl.rs' has no attribute 'KaggricultureEnv'

tests/kaggriculture/test_native_env.py:47: AttributeError
____ test_every_destination_rejected_before_any_write[unaligned-actor_mask] ____

name = 'actor_mask', kind = 'unaligned'

    @pytest.mark.parametrize("name", DESTINATIONS)
    @pytest.mark.parametrize("kind", ["shape", "dtype", "readonly", "stride", "fortran", "unaligned", "overlap"])
    def test_every_destination_rejected_before_any_write(name: str, kind: str) -> None:
>       env = make_env(2)
              ^^^^^^^^^^^

tests/kaggriculture/test_native_env.py:75: 
_ _ _ _ _ _ _ _ _ _ _ _ _ _ _ _ _ _ _ _ _ _ _ _ _ _ _ _ _ _ _ _ _ _ _ _ _ _ _ _ 

n_envs = 2, seed = 11, stride = 2, config = '{}', threads = 1

    def make_env(n_envs: int = 1, seed: int = 11, stride: int = 2,
                 config: str = "{}", threads: int = 1) -> rs.KaggricultureEnv:
>       return rs.KaggricultureEnv(n_envs, seed, stride, config, REWARD, threads, hire_limit=241)
               ^^^^^^^^^^^^^^^^^^^
E       AttributeError: module 'owl.rs' has no attribute 'KaggricultureEnv'

tests/kaggriculture/test_native_env.py:47: AttributeError
_ test_every_destination_rejected_before_any_write[unaligned-actor_inventory] __

name = 'actor_inventory', kind = 'unaligned'

    @pytest.mark.parametrize("name", DESTINATIONS)
    @pytest.mark.parametrize("kind", ["shape", "dtype", "readonly", "stride", "fortran", "unaligned", "overlap"])
    def test_every_destination_rejected_before_any_write(name: str, kind: str) -> None:
>       env = make_env(2)
              ^^^^^^^^^^^

tests/kaggriculture/test_native_env.py:75: 
_ _ _ _ _ _ _ _ _ _ _ _ _ _ _ _ _ _ _ _ _ _ _ _ _ _ _ _ _ _ _ _ _ _ _ _ _ _ _ _ 

n_envs = 2, seed = 11, stride = 2, config = '{}', threads = 1

    def make_env(n_envs: int = 1, seed: int = 11, stride: int = 2,
                 config: str = "{}", threads: int = 1) -> rs.KaggricultureEnv:
>       return rs.KaggricultureEnv(n_envs, seed, stride, config, REWARD, threads, hire_limit=241)
               ^^^^^^^^^^^^^^^^^^^
E       AttributeError: module 'owl.rs' has no attribute 'KaggricultureEnv'

tests/kaggriculture/test_native_env.py:47: AttributeError
_ test_every_destination_rejected_before_any_write[unaligned-actor_inventory_rank] _

name = 'actor_inventory_rank', kind = 'unaligned'

    @pytest.mark.parametrize("name", DESTINATIONS)
    @pytest.mark.parametrize("kind", ["shape", "dtype", "readonly", "stride", "fortran", "unaligned", "overlap"])
    def test_every_destination_rejected_before_any_write(name: str, kind: str) -> None:
>       env = make_env(2)
              ^^^^^^^^^^^

tests/kaggriculture/test_native_env.py:75: 
_ _ _ _ _ _ _ _ _ _ _ _ _ _ _ _ _ _ _ _ _ _ _ _ _ _ _ _ _ _ _ _ _ _ _ _ _ _ _ _ 

n_envs = 2, seed = 11, stride = 2, config = '{}', threads = 1

    def make_env(n_envs: int = 1, seed: int = 11, stride: int = 2,
                 config: str = "{}", threads: int = 1) -> rs.KaggricultureEnv:
>       return rs.KaggricultureEnv(n_envs, seed, stride, config, REWARD, threads, hire_limit=241)
               ^^^^^^^^^^^^^^^^^^^
E       AttributeError: module 'owl.rs' has no attribute 'KaggricultureEnv'

tests/kaggriculture/test_native_env.py:47: AttributeError
___ test_every_destination_rejected_before_any_write[unaligned-actors_float] ___

name = 'actors_float', kind = 'unaligned'

    @pytest.mark.parametrize("name", DESTINATIONS)
    @pytest.mark.parametrize("kind", ["shape", "dtype", "readonly", "stride", "fortran", "unaligned", "overlap"])
    def test_every_destination_rejected_before_any_write(name: str, kind: str) -> None:
>       env = make_env(2)
              ^^^^^^^^^^^

tests/kaggriculture/test_native_env.py:75: 
_ _ _ _ _ _ _ _ _ _ _ _ _ _ _ _ _ _ _ _ _ _ _ _ _ _ _ _ _ _ _ _ _ _ _ _ _ _ _ _ 

n_envs = 2, seed = 11, stride = 2, config = '{}', threads = 1

    def make_env(n_envs: int = 1, seed: int = 11, stride: int = 2,
                 config: str = "{}", threads: int = 1) -> rs.KaggricultureEnv:
>       return rs.KaggricultureEnv(n_envs, seed, stride, config, REWARD, threads, hire_limit=241)
               ^^^^^^^^^^^^^^^^^^^
E       AttributeError: module 'owl.rs' has no attribute 'KaggricultureEnv'

tests/kaggriculture/test_native_env.py:47: AttributeError
_ test_every_destination_rejected_before_any_write[unaligned-player_features] __

name = 'player_features', kind = 'unaligned'

    @pytest.mark.parametrize("name", DESTINATIONS)
    @pytest.mark.parametrize("kind", ["shape", "dtype", "readonly", "stride", "fortran", "unaligned", "overlap"])
    def test_every_destination_rejected_before_any_write(name: str, kind: str) -> None:
>       env = make_env(2)
              ^^^^^^^^^^^

tests/kaggriculture/test_native_env.py:75: 
_ _ _ _ _ _ _ _ _ _ _ _ _ _ _ _ _ _ _ _ _ _ _ _ _ _ _ _ _ _ _ _ _ _ _ _ _ _ _ _ 

n_envs = 2, seed = 11, stride = 2, config = '{}', threads = 1

    def make_env(n_envs: int = 1, seed: int = 11, stride: int = 2,
                 config: str = "{}", threads: int = 1) -> rs.KaggricultureEnv:
>       return rs.KaggricultureEnv(n_envs, seed, stride, config, REWARD, threads, hire_limit=241)
               ^^^^^^^^^^^^^^^^^^^
E       AttributeError: module 'owl.rs' has no attribute 'KaggricultureEnv'

tests/kaggriculture/test_native_env.py:47: AttributeError
__ test_every_destination_rejected_before_any_write[unaligned-storage_counts] __

name = 'storage_counts', kind = 'unaligned'

    @pytest.mark.parametrize("name", DESTINATIONS)
    @pytest.mark.parametrize("kind", ["shape", "dtype", "readonly", "stride", "fortran", "unaligned", "overlap"])
    def test_every_destination_rejected_before_any_write(name: str, kind: str) -> None:
>       env = make_env(2)
              ^^^^^^^^^^^

tests/kaggriculture/test_native_env.py:75: 
_ _ _ _ _ _ _ _ _ _ _ _ _ _ _ _ _ _ _ _ _ _ _ _ _ _ _ _ _ _ _ _ _ _ _ _ _ _ _ _ 

n_envs = 2, seed = 11, stride = 2, config = '{}', threads = 1

    def make_env(n_envs: int = 1, seed: int = 11, stride: int = 2,
                 config: str = "{}", threads: int = 1) -> rs.KaggricultureEnv:
>       return rs.KaggricultureEnv(n_envs, seed, stride, config, REWARD, threads, hire_limit=241)
               ^^^^^^^^^^^^^^^^^^^
E       AttributeError: module 'owl.rs' has no attribute 'KaggricultureEnv'

tests/kaggriculture/test_native_env.py:47: AttributeError
___ test_every_destination_rejected_before_any_write[unaligned-storage_rank] ___

name = 'storage_rank', kind = 'unaligned'

    @pytest.mark.parametrize("name", DESTINATIONS)
    @pytest.mark.parametrize("kind", ["shape", "dtype", "readonly", "stride", "fortran", "unaligned", "overlap"])
    def test_every_destination_rejected_before_any_write(name: str, kind: str) -> None:
>       env = make_env(2)
              ^^^^^^^^^^^

tests/kaggriculture/test_native_env.py:75: 
_ _ _ _ _ _ _ _ _ _ _ _ _ _ _ _ _ _ _ _ _ _ _ _ _ _ _ _ _ _ _ _ _ _ _ _ _ _ _ _ 

n_envs = 2, seed = 11, stride = 2, config = '{}', threads = 1

    def make_env(n_envs: int = 1, seed: int = 11, stride: int = 2,
                 config: str = "{}", threads: int = 1) -> rs.KaggricultureEnv:
>       return rs.KaggricultureEnv(n_envs, seed, stride, config, REWARD, threads, hire_limit=241)
               ^^^^^^^^^^^^^^^^^^^
E       AttributeError: module 'owl.rs' has no attribute 'KaggricultureEnv'

tests/kaggriculture/test_native_env.py:47: AttributeError
______ test_every_destination_rejected_before_any_write[unaligned-banks] _______

name = 'banks', kind = 'unaligned'

    @pytest.mark.parametrize("name", DESTINATIONS)
    @pytest.mark.parametrize("kind", ["shape", "dtype", "readonly", "stride", "fortran", "unaligned", "overlap"])
    def test_every_destination_rejected_before_any_write(name: str, kind: str) -> None:
>       env = make_env(2)
              ^^^^^^^^^^^

tests/kaggriculture/test_native_env.py:75: 
_ _ _ _ _ _ _ _ _ _ _ _ _ _ _ _ _ _ _ _ _ _ _ _ _ _ _ _ _ _ _ _ _ _ _ _ _ _ _ _ 

n_envs = 2, seed = 11, stride = 2, config = '{}', threads = 1

    def make_env(n_envs: int = 1, seed: int = 11, stride: int = 2,
                 config: str = "{}", threads: int = 1) -> rs.KaggricultureEnv:
>       return rs.KaggricultureEnv(n_envs, seed, stride, config, REWARD, threads, hire_limit=241)
               ^^^^^^^^^^^^^^^^^^^
E       AttributeError: module 'owl.rs' has no attribute 'KaggricultureEnv'

tests/kaggriculture/test_native_env.py:47: AttributeError
____ test_every_destination_rejected_before_any_write[unaligned-shop_type] _____

name = 'shop_type', kind = 'unaligned'

    @pytest.mark.parametrize("name", DESTINATIONS)
    @pytest.mark.parametrize("kind", ["shape", "dtype", "readonly", "stride", "fortran", "unaligned", "overlap"])
    def test_every_destination_rejected_before_any_write(name: str, kind: str) -> None:
>       env = make_env(2)
              ^^^^^^^^^^^

tests/kaggriculture/test_native_env.py:75: 
_ _ _ _ _ _ _ _ _ _ _ _ _ _ _ _ _ _ _ _ _ _ _ _ _ _ _ _ _ _ _ _ _ _ _ _ _ _ _ _ 

n_envs = 2, seed = 11, stride = 2, config = '{}', threads = 1

    def make_env(n_envs: int = 1, seed: int = 11, stride: int = 2,
                 config: str = "{}", threads: int = 1) -> rs.KaggricultureEnv:
>       return rs.KaggricultureEnv(n_envs, seed, stride, config, REWARD, threads, hire_limit=241)
               ^^^^^^^^^^^^^^^^^^^
E       AttributeError: module 'owl.rs' has no attribute 'KaggricultureEnv'

tests/kaggriculture/test_native_env.py:47: AttributeError
____ test_every_destination_rejected_before_any_write[unaligned-shop_slot] _____

name = 'shop_slot', kind = 'unaligned'

    @pytest.mark.parametrize("name", DESTINATIONS)
    @pytest.mark.parametrize("kind", ["shape", "dtype", "readonly", "stride", "fortran", "unaligned", "overlap"])
    def test_every_destination_rejected_before_any_write(name: str, kind: str) -> None:
>       env = make_env(2)
              ^^^^^^^^^^^

tests/kaggriculture/test_native_env.py:75: 
_ _ _ _ _ _ _ _ _ _ _ _ _ _ _ _ _ _ _ _ _ _ _ _ _ _ _ _ _ _ _ _ _ _ _ _ _ _ _ _ 

n_envs = 2, seed = 11, stride = 2, config = '{}', threads = 1

    def make_env(n_envs: int = 1, seed: int = 11, stride: int = 2,
                 config: str = "{}", threads: int = 1) -> rs.KaggricultureEnv:
>       return rs.KaggricultureEnv(n_envs, seed, stride, config, REWARD, threads, hire_limit=241)
               ^^^^^^^^^^^^^^^^^^^
E       AttributeError: module 'owl.rs' has no attribute 'KaggricultureEnv'

tests/kaggriculture/test_native_env.py:47: AttributeError
____ test_every_destination_rejected_before_any_write[unaligned-shop_mask] _____

name = 'shop_mask', kind = 'unaligned'

    @pytest.mark.parametrize("name", DESTINATIONS)
    @pytest.mark.parametrize("kind", ["shape", "dtype", "readonly", "stride", "fortran", "unaligned", "overlap"])
    def test_every_destination_rejected_before_any_write(name: str, kind: str) -> None:
>       env = make_env(2)
              ^^^^^^^^^^^

tests/kaggriculture/test_native_env.py:75: 
_ _ _ _ _ _ _ _ _ _ _ _ _ _ _ _ _ _ _ _ _ _ _ _ _ _ _ _ _ _ _ _ _ _ _ _ _ _ _ _ 

n_envs = 2, seed = 11, stride = 2, config = '{}', threads = 1

    def make_env(n_envs: int = 1, seed: int = 11, stride: int = 2,
                 config: str = "{}", threads: int = 1) -> rs.KaggricultureEnv:
>       return rs.KaggricultureEnv(n_envs, seed, stride, config, REWARD, threads, hire_limit=241)
               ^^^^^^^^^^^^^^^^^^^
E       AttributeError: module 'owl.rs' has no attribute 'KaggricultureEnv'

tests/kaggriculture/test_native_env.py:47: AttributeError
__ test_every_destination_rejected_before_any_write[unaligned-market_product] __

name = 'market_product', kind = 'unaligned'

    @pytest.mark.parametrize("name", DESTINATIONS)
    @pytest.mark.parametrize("kind", ["shape", "dtype", "readonly", "stride", "fortran", "unaligned", "overlap"])
    def test_every_destination_rejected_before_any_write(name: str, kind: str) -> None:
>       env = make_env(2)
              ^^^^^^^^^^^

tests/kaggriculture/test_native_env.py:75: 
_ _ _ _ _ _ _ _ _ _ _ _ _ _ _ _ _ _ _ _ _ _ _ _ _ _ _ _ _ _ _ _ _ _ _ _ _ _ _ _ 

n_envs = 2, seed = 11, stride = 2, config = '{}', threads = 1

    def make_env(n_envs: int = 1, seed: int = 11, stride: int = 2,
                 config: str = "{}", threads: int = 1) -> rs.KaggricultureEnv:
>       return rs.KaggricultureEnv(n_envs, seed, stride, config, REWARD, threads, hire_limit=241)
               ^^^^^^^^^^^^^^^^^^^
E       AttributeError: module 'owl.rs' has no attribute 'KaggricultureEnv'

tests/kaggriculture/test_native_env.py:47: AttributeError
___ test_every_destination_rejected_before_any_write[unaligned-market_float] ___

name = 'market_float', kind = 'unaligned'

    @pytest.mark.parametrize("name", DESTINATIONS)
    @pytest.mark.parametrize("kind", ["shape", "dtype", "readonly", "stride", "fortran", "unaligned", "overlap"])
    def test_every_destination_rejected_before_any_write(name: str, kind: str) -> None:
>       env = make_env(2)
              ^^^^^^^^^^^

tests/kaggriculture/test_native_env.py:75: 
_ _ _ _ _ _ _ _ _ _ _ _ _ _ _ _ _ _ _ _ _ _ _ _ _ _ _ _ _ _ _ _ _ _ _ _ _ _ _ _ 

n_envs = 2, seed = 11, stride = 2, config = '{}', threads = 1

    def make_env(n_envs: int = 1, seed: int = 11, stride: int = 2,
                 config: str = "{}", threads: int = 1) -> rs.KaggricultureEnv:
>       return rs.KaggricultureEnv(n_envs, seed, stride, config, REWARD, threads, hire_limit=241)
               ^^^^^^^^^^^^^^^^^^^
E       AttributeError: module 'owl.rs' has no attribute 'KaggricultureEnv'

tests/kaggriculture/test_native_env.py:47: AttributeError
____ test_every_destination_rejected_before_any_write[unaligned-market_int] ____

name = 'market_int', kind = 'unaligned'

    @pytest.mark.parametrize("name", DESTINATIONS)
    @pytest.mark.parametrize("kind", ["shape", "dtype", "readonly", "stride", "fortran", "unaligned", "overlap"])
    def test_every_destination_rejected_before_any_write(name: str, kind: str) -> None:
>       env = make_env(2)
              ^^^^^^^^^^^

tests/kaggriculture/test_native_env.py:75: 
_ _ _ _ _ _ _ _ _ _ _ _ _ _ _ _ _ _ _ _ _ _ _ _ _ _ _ _ _ _ _ _ _ _ _ _ _ _ _ _ 

n_envs = 2, seed = 11, stride = 2, config = '{}', threads = 1

    def make_env(n_envs: int = 1, seed: int = 11, stride: int = 2,
                 config: str = "{}", threads: int = 1) -> rs.KaggricultureEnv:
>       return rs.KaggricultureEnv(n_envs, seed, stride, config, REWARD, threads, hire_limit=241)
               ^^^^^^^^^^^^^^^^^^^
E       AttributeError: module 'owl.rs' has no attribute 'KaggricultureEnv'

tests/kaggriculture/test_native_env.py:47: AttributeError
_ test_every_destination_rejected_before_any_write[unaligned-global_features] __

name = 'global_features', kind = 'unaligned'

    @pytest.mark.parametrize("name", DESTINATIONS)
    @pytest.mark.parametrize("kind", ["shape", "dtype", "readonly", "stride", "fortran", "unaligned", "overlap"])
    def test_every_destination_rejected_before_any_write(name: str, kind: str) -> None:
>       env = make_env(2)
              ^^^^^^^^^^^

tests/kaggriculture/test_native_env.py:75: 
_ _ _ _ _ _ _ _ _ _ _ _ _ _ _ _ _ _ _ _ _ _ _ _ _ _ _ _ _ _ _ _ _ _ _ _ _ _ _ _ 

n_envs = 2, seed = 11, stride = 2, config = '{}', threads = 1

    def make_env(n_envs: int = 1, seed: int = 11, stride: int = 2,
                 config: str = "{}", threads: int = 1) -> rs.KaggricultureEnv:
>       return rs.KaggricultureEnv(n_envs, seed, stride, config, REWARD, threads, hire_limit=241)
               ^^^^^^^^^^^^^^^^^^^
E       AttributeError: module 'owl.rs' has no attribute 'KaggricultureEnv'

tests/kaggriculture/test_native_env.py:47: AttributeError
___ test_every_destination_rejected_before_any_write[unaligned-globals_int] ____

name = 'globals_int', kind = 'unaligned'

    @pytest.mark.parametrize("name", DESTINATIONS)
    @pytest.mark.parametrize("kind", ["shape", "dtype", "readonly", "stride", "fortran", "unaligned", "overlap"])
    def test_every_destination_rejected_before_any_write(name: str, kind: str) -> None:
>       env = make_env(2)
              ^^^^^^^^^^^

tests/kaggriculture/test_native_env.py:75: 
_ _ _ _ _ _ _ _ _ _ _ _ _ _ _ _ _ _ _ _ _ _ _ _ _ _ _ _ _ _ _ _ _ _ _ _ _ _ _ _ 

n_envs = 2, seed = 11, stride = 2, config = '{}', threads = 1

    def make_env(n_envs: int = 1, seed: int = 11, stride: int = 2,
                 config: str = "{}", threads: int = 1) -> rs.KaggricultureEnv:
>       return rs.KaggricultureEnv(n_envs, seed, stride, config, REWARD, threads, hire_limit=241)
               ^^^^^^^^^^^^^^^^^^^
E       AttributeError: module 'owl.rs' has no attribute 'KaggricultureEnv'

tests/kaggriculture/test_native_env.py:47: AttributeError
__ test_every_destination_rejected_before_any_write[unaligned-still_playing] ___

name = 'still_playing', kind = 'unaligned'

    @pytest.mark.parametrize("name", DESTINATIONS)
    @pytest.mark.parametrize("kind", ["shape", "dtype", "readonly", "stride", "fortran", "unaligned", "overlap"])
    def test_every_destination_rejected_before_any_write(name: str, kind: str) -> None:
>       env = make_env(2)
              ^^^^^^^^^^^

tests/kaggriculture/test_native_env.py:75: 
_ _ _ _ _ _ _ _ _ _ _ _ _ _ _ _ _ _ _ _ _ _ _ _ _ _ _ _ _ _ _ _ _ _ _ _ _ _ _ _ 

n_envs = 2, seed = 11, stride = 2, config = '{}', threads = 1

    def make_env(n_envs: int = 1, seed: int = 11, stride: int = 2,
                 config: str = "{}", threads: int = 1) -> rs.KaggricultureEnv:
>       return rs.KaggricultureEnv(n_envs, seed, stride, config, REWARD, threads, hire_limit=241)
               ^^^^^^^^^^^^^^^^^^^
E       AttributeError: module 'owl.rs' has no attribute 'KaggricultureEnv'

tests/kaggriculture/test_native_env.py:47: AttributeError
___ test_every_destination_rejected_before_any_write[unaligned-order_limits] ___

name = 'order_limits', kind = 'unaligned'

    @pytest.mark.parametrize("name", DESTINATIONS)
    @pytest.mark.parametrize("kind", ["shape", "dtype", "readonly", "stride", "fortran", "unaligned", "overlap"])
    def test_every_destination_rejected_before_any_write(name: str, kind: str) -> None:
>       env = make_env(2)
              ^^^^^^^^^^^

tests/kaggriculture/test_native_env.py:75: 
_ _ _ _ _ _ _ _ _ _ _ _ _ _ _ _ _ _ _ _ _ _ _ _ _ _ _ _ _ _ _ _ _ _ _ _ _ _ _ _ 

n_envs = 2, seed = 11, stride = 2, config = '{}', threads = 1

    def make_env(n_envs: int = 1, seed: int = 11, stride: int = 2,
                 config: str = "{}", threads: int = 1) -> rs.KaggricultureEnv:
>       return rs.KaggricultureEnv(n_envs, seed, stride, config, REWARD, threads, hire_limit=241)
               ^^^^^^^^^^^^^^^^^^^
E       AttributeError: module 'owl.rs' has no attribute 'KaggricultureEnv'

tests/kaggriculture/test_native_env.py:47: AttributeError
_____ test_every_destination_rejected_before_any_write[unaligned-can_act] ______

name = 'can_act', kind = 'unaligned'

    @pytest.mark.parametrize("name", DESTINATIONS)
    @pytest.mark.parametrize("kind", ["shape", "dtype", "readonly", "stride", "fortran", "unaligned", "overlap"])
    def test_every_destination_rejected_before_any_write(name: str, kind: str) -> None:
>       env = make_env(2)
              ^^^^^^^^^^^

tests/kaggriculture/test_native_env.py:75: 
_ _ _ _ _ _ _ _ _ _ _ _ _ _ _ _ _ _ _ _ _ _ _ _ _ _ _ _ _ _ _ _ _ _ _ _ _ _ _ _ 

n_envs = 2, seed = 11, stride = 2, config = '{}', threads = 1

    def make_env(n_envs: int = 1, seed: int = 11, stride: int = 2,
                 config: str = "{}", threads: int = 1) -> rs.KaggricultureEnv:
>       return rs.KaggricultureEnv(n_envs, seed, stride, config, REWARD, threads, hire_limit=241)
               ^^^^^^^^^^^^^^^^^^^
E       AttributeError: module 'owl.rs' has no attribute 'KaggricultureEnv'

tests/kaggriculture/test_native_env.py:47: AttributeError
_____ test_every_destination_rejected_before_any_write[unaligned-rewards] ______

name = 'rewards', kind = 'unaligned'

    @pytest.mark.parametrize("name", DESTINATIONS)
    @pytest.mark.parametrize("kind", ["shape", "dtype", "readonly", "stride", "fortran", "unaligned", "overlap"])
    def test_every_destination_rejected_before_any_write(name: str, kind: str) -> None:
>       env = make_env(2)
              ^^^^^^^^^^^

tests/kaggriculture/test_native_env.py:75: 
_ _ _ _ _ _ _ _ _ _ _ _ _ _ _ _ _ _ _ _ _ _ _ _ _ _ _ _ _ _ _ _ _ _ _ _ _ _ _ _ 

n_envs = 2, seed = 11, stride = 2, config = '{}', threads = 1

    def make_env(n_envs: int = 1, seed: int = 11, stride: int = 2,
                 config: str = "{}", threads: int = 1) -> rs.KaggricultureEnv:
>       return rs.KaggricultureEnv(n_envs, seed, stride, config, REWARD, threads, hire_limit=241)
               ^^^^^^^^^^^^^^^^^^^
E       AttributeError: module 'owl.rs' has no attribute 'KaggricultureEnv'

tests/kaggriculture/test_native_env.py:47: AttributeError
______ test_every_destination_rejected_before_any_write[unaligned-dones] _______

name = 'dones', kind = 'unaligned'

    @pytest.mark.parametrize("name", DESTINATIONS)
    @pytest.mark.parametrize("kind", ["shape", "dtype", "readonly", "stride", "fortran", "unaligned", "overlap"])
    def test_every_destination_rejected_before_any_write(name: str, kind: str) -> None:
>       env = make_env(2)
              ^^^^^^^^^^^

tests/kaggriculture/test_native_env.py:75: 
_ _ _ _ _ _ _ _ _ _ _ _ _ _ _ _ _ _ _ _ _ _ _ _ _ _ _ _ _ _ _ _ _ _ _ _ _ _ _ _ 

n_envs = 2, seed = 11, stride = 2, config = '{}', threads = 1

    def make_env(n_envs: int = 1, seed: int = 11, stride: int = 2,
                 config: str = "{}", threads: int = 1) -> rs.KaggricultureEnv:
>       return rs.KaggricultureEnv(n_envs, seed, stride, config, REWARD, threads, hire_limit=241)
               ^^^^^^^^^^^^^^^^^^^
E       AttributeError: module 'owl.rs' has no attribute 'KaggricultureEnv'

tests/kaggriculture/test_native_env.py:47: AttributeError
_ test_every_destination_rejected_before_any_write[unaligned-transition_banks_before] _

name = 'transition_banks_before', kind = 'unaligned'

    @pytest.mark.parametrize("name", DESTINATIONS)
    @pytest.mark.parametrize("kind", ["shape", "dtype", "readonly", "stride", "fortran", "unaligned", "overlap"])
    def test_every_destination_rejected_before_any_write(name: str, kind: str) -> None:
>       env = make_env(2)
              ^^^^^^^^^^^

tests/kaggriculture/test_native_env.py:75: 
_ _ _ _ _ _ _ _ _ _ _ _ _ _ _ _ _ _ _ _ _ _ _ _ _ _ _ _ _ _ _ _ _ _ _ _ _ _ _ _ 

n_envs = 2, seed = 11, stride = 2, config = '{}', threads = 1

    def make_env(n_envs: int = 1, seed: int = 11, stride: int = 2,
                 config: str = "{}", threads: int = 1) -> rs.KaggricultureEnv:
>       return rs.KaggricultureEnv(n_envs, seed, stride, config, REWARD, threads, hire_limit=241)
               ^^^^^^^^^^^^^^^^^^^
E       AttributeError: module 'owl.rs' has no attribute 'KaggricultureEnv'

tests/kaggriculture/test_native_env.py:47: AttributeError
_ test_every_destination_rejected_before_any_write[unaligned-transition_banks_after] _

name = 'transition_banks_after', kind = 'unaligned'

    @pytest.mark.parametrize("name", DESTINATIONS)
    @pytest.mark.parametrize("kind", ["shape", "dtype", "readonly", "stride", "fortran", "unaligned", "overlap"])
    def test_every_destination_rejected_before_any_write(name: str, kind: str) -> None:
>       env = make_env(2)
              ^^^^^^^^^^^

tests/kaggriculture/test_native_env.py:75: 
_ _ _ _ _ _ _ _ _ _ _ _ _ _ _ _ _ _ _ _ _ _ _ _ _ _ _ _ _ _ _ _ _ _ _ _ _ _ _ _ 

n_envs = 2, seed = 11, stride = 2, config = '{}', threads = 1

    def make_env(n_envs: int = 1, seed: int = 11, stride: int = 2,
                 config: str = "{}", threads: int = 1) -> rs.KaggricultureEnv:
>       return rs.KaggricultureEnv(n_envs, seed, stride, config, REWARD, threads, hire_limit=241)
               ^^^^^^^^^^^^^^^^^^^
E       AttributeError: module 'owl.rs' has no attribute 'KaggricultureEnv'

tests/kaggriculture/test_native_env.py:47: AttributeError
_ test_every_destination_rejected_before_any_write[unaligned-transition_econ_before] _

name = 'transition_econ_before', kind = 'unaligned'

    @pytest.mark.parametrize("name", DESTINATIONS)
    @pytest.mark.parametrize("kind", ["shape", "dtype", "readonly", "stride", "fortran", "unaligned", "overlap"])
    def test_every_destination_rejected_before_any_write(name: str, kind: str) -> None:
>       env = make_env(2)
              ^^^^^^^^^^^

tests/kaggriculture/test_native_env.py:75: 
_ _ _ _ _ _ _ _ _ _ _ _ _ _ _ _ _ _ _ _ _ _ _ _ _ _ _ _ _ _ _ _ _ _ _ _ _ _ _ _ 

n_envs = 2, seed = 11, stride = 2, config = '{}', threads = 1

    def make_env(n_envs: int = 1, seed: int = 11, stride: int = 2,
                 config: str = "{}", threads: int = 1) -> rs.KaggricultureEnv:
>       return rs.KaggricultureEnv(n_envs, seed, stride, config, REWARD, threads, hire_limit=241)
               ^^^^^^^^^^^^^^^^^^^
E       AttributeError: module 'owl.rs' has no attribute 'KaggricultureEnv'

tests/kaggriculture/test_native_env.py:47: AttributeError
_ test_every_destination_rejected_before_any_write[unaligned-transition_econ_after] _

name = 'transition_econ_after', kind = 'unaligned'

    @pytest.mark.parametrize("name", DESTINATIONS)
    @pytest.mark.parametrize("kind", ["shape", "dtype", "readonly", "stride", "fortran", "unaligned", "overlap"])
    def test_every_destination_rejected_before_any_write(name: str, kind: str) -> None:
>       env = make_env(2)
              ^^^^^^^^^^^

tests/kaggriculture/test_native_env.py:75: 
_ _ _ _ _ _ _ _ _ _ _ _ _ _ _ _ _ _ _ _ _ _ _ _ _ _ _ _ _ _ _ _ _ _ _ _ _ _ _ _ 

n_envs = 2, seed = 11, stride = 2, config = '{}', threads = 1

    def make_env(n_envs: int = 1, seed: int = 11, stride: int = 2,
                 config: str = "{}", threads: int = 1) -> rs.KaggricultureEnv:
>       return rs.KaggricultureEnv(n_envs, seed, stride, config, REWARD, threads, hire_limit=241)
               ^^^^^^^^^^^^^^^^^^^
E       AttributeError: module 'owl.rs' has no attribute 'KaggricultureEnv'

tests/kaggriculture/test_native_env.py:47: AttributeError
_____ test_every_destination_rejected_before_any_write[overlap-tile_kind] ______

name = 'tile_kind', kind = 'overlap'

    @pytest.mark.parametrize("name", DESTINATIONS)
    @pytest.mark.parametrize("kind", ["shape", "dtype", "readonly", "stride", "fortran", "unaligned", "overlap"])
    def test_every_destination_rejected_before_any_write(name: str, kind: str) -> None:
>       env = make_env(2)
              ^^^^^^^^^^^

tests/kaggriculture/test_native_env.py:75: 
_ _ _ _ _ _ _ _ _ _ _ _ _ _ _ _ _ _ _ _ _ _ _ _ _ _ _ _ _ _ _ _ _ _ _ _ _ _ _ _ 

n_envs = 2, seed = 11, stride = 2, config = '{}', threads = 1

    def make_env(n_envs: int = 1, seed: int = 11, stride: int = 2,
                 config: str = "{}", threads: int = 1) -> rs.KaggricultureEnv:
>       return rs.KaggricultureEnv(n_envs, seed, stride, config, REWARD, threads, hire_limit=241)
               ^^^^^^^^^^^^^^^^^^^
E       AttributeError: module 'owl.rs' has no attribute 'KaggricultureEnv'

tests/kaggriculture/test_native_env.py:47: AttributeError
_____ test_every_destination_rejected_before_any_write[overlap-tile_crop] ______

name = 'tile_crop', kind = 'overlap'

    @pytest.mark.parametrize("name", DESTINATIONS)
    @pytest.mark.parametrize("kind", ["shape", "dtype", "readonly", "stride", "fortran", "unaligned", "overlap"])
    def test_every_destination_rejected_before_any_write(name: str, kind: str) -> None:
>       env = make_env(2)
              ^^^^^^^^^^^

tests/kaggriculture/test_native_env.py:75: 
_ _ _ _ _ _ _ _ _ _ _ _ _ _ _ _ _ _ _ _ _ _ _ _ _ _ _ _ _ _ _ _ _ _ _ _ _ _ _ _ 

n_envs = 2, seed = 11, stride = 2, config = '{}', threads = 1

    def make_env(n_envs: int = 1, seed: int = 11, stride: int = 2,
                 config: str = "{}", threads: int = 1) -> rs.KaggricultureEnv:
>       return rs.KaggricultureEnv(n_envs, seed, stride, config, REWARD, threads, hire_limit=241)
               ^^^^^^^^^^^^^^^^^^^
E       AttributeError: module 'owl.rs' has no attribute 'KaggricultureEnv'

tests/kaggriculture/test_native_env.py:47: AttributeError
____ test_every_destination_rejected_before_any_write[overlap-tile_animal] _____

name = 'tile_animal', kind = 'overlap'

    @pytest.mark.parametrize("name", DESTINATIONS)
    @pytest.mark.parametrize("kind", ["shape", "dtype", "readonly", "stride", "fortran", "unaligned", "overlap"])
    def test_every_destination_rejected_before_any_write(name: str, kind: str) -> None:
>       env = make_env(2)
              ^^^^^^^^^^^

tests/kaggriculture/test_native_env.py:75: 
_ _ _ _ _ _ _ _ _ _ _ _ _ _ _ _ _ _ _ _ _ _ _ _ _ _ _ _ _ _ _ _ _ _ _ _ _ _ _ _ 

n_envs = 2, seed = 11, stride = 2, config = '{}', threads = 1

    def make_env(n_envs: int = 1, seed: int = 11, stride: int = 2,
                 config: str = "{}", threads: int = 1) -> rs.KaggricultureEnv:
>       return rs.KaggricultureEnv(n_envs, seed, stride, config, REWARD, threads, hire_limit=241)
               ^^^^^^^^^^^^^^^^^^^
E       AttributeError: module 'owl.rs' has no attribute 'KaggricultureEnv'

tests/kaggriculture/test_native_env.py:47: AttributeError
_____ test_every_destination_rejected_before_any_write[overlap-tile_cell] ______

name = 'tile_cell', kind = 'overlap'

    @pytest.mark.parametrize("name", DESTINATIONS)
    @pytest.mark.parametrize("kind", ["shape", "dtype", "readonly", "stride", "fortran", "unaligned", "overlap"])
    def test_every_destination_rejected_before_any_write(name: str, kind: str) -> None:
>       env = make_env(2)
              ^^^^^^^^^^^

tests/kaggriculture/test_native_env.py:75: 
_ _ _ _ _ _ _ _ _ _ _ _ _ _ _ _ _ _ _ _ _ _ _ _ _ _ _ _ _ _ _ _ _ _ _ _ _ _ _ _ 

n_envs = 2, seed = 11, stride = 2, config = '{}', threads = 1

    def make_env(n_envs: int = 1, seed: int = 11, stride: int = 2,
                 config: str = "{}", threads: int = 1) -> rs.KaggricultureEnv:
>       return rs.KaggricultureEnv(n_envs, seed, stride, config, REWARD, threads, hire_limit=241)
               ^^^^^^^^^^^^^^^^^^^
E       AttributeError: module 'owl.rs' has no attribute 'KaggricultureEnv'

tests/kaggriculture/test_native_env.py:47: AttributeError
_____ test_every_destination_rejected_before_any_write[overlap-tile_role] ______

name = 'tile_role', kind = 'overlap'

    @pytest.mark.parametrize("name", DESTINATIONS)
    @pytest.mark.parametrize("kind", ["shape", "dtype", "readonly", "stride", "fortran", "unaligned", "overlap"])
    def test_every_destination_rejected_before_any_write(name: str, kind: str) -> None:
>       env = make_env(2)
              ^^^^^^^^^^^

tests/kaggriculture/test_native_env.py:75: 
_ _ _ _ _ _ _ _ _ _ _ _ _ _ _ _ _ _ _ _ _ _ _ _ _ _ _ _ _ _ _ _ _ _ _ _ _ _ _ _ 

n_envs = 2, seed = 11, stride = 2, config = '{}', threads = 1

    def make_env(n_envs: int = 1, seed: int = 11, stride: int = 2,
                 config: str = "{}", threads: int = 1) -> rs.KaggricultureEnv:
>       return rs.KaggricultureEnv(n_envs, seed, stride, config, REWARD, threads, hire_limit=241)
               ^^^^^^^^^^^^^^^^^^^
E       AttributeError: module 'owl.rs' has no attribute 'KaggricultureEnv'

tests/kaggriculture/test_native_env.py:47: AttributeError
_____ test_every_destination_rejected_before_any_write[overlap-tiles_int] ______

name = 'tiles_int', kind = 'overlap'

    @pytest.mark.parametrize("name", DESTINATIONS)
    @pytest.mark.parametrize("kind", ["shape", "dtype", "readonly", "stride", "fortran", "unaligned", "overlap"])
    def test_every_destination_rejected_before_any_write(name: str, kind: str) -> None:
>       env = make_env(2)
              ^^^^^^^^^^^

tests/kaggriculture/test_native_env.py:75: 
_ _ _ _ _ _ _ _ _ _ _ _ _ _ _ _ _ _ _ _ _ _ _ _ _ _ _ _ _ _ _ _ _ _ _ _ _ _ _ _ 

n_envs = 2, seed = 11, stride = 2, config = '{}', threads = 1

    def make_env(n_envs: int = 1, seed: int = 11, stride: int = 2,
                 config: str = "{}", threads: int = 1) -> rs.KaggricultureEnv:
>       return rs.KaggricultureEnv(n_envs, seed, stride, config, REWARD, threads, hire_limit=241)
               ^^^^^^^^^^^^^^^^^^^
E       AttributeError: module 'owl.rs' has no attribute 'KaggricultureEnv'

tests/kaggriculture/test_native_env.py:47: AttributeError
____ test_every_destination_rejected_before_any_write[overlap-tiles_float] _____

name = 'tiles_float', kind = 'overlap'

    @pytest.mark.parametrize("name", DESTINATIONS)
    @pytest.mark.parametrize("kind", ["shape", "dtype", "readonly", "stride", "fortran", "unaligned", "overlap"])
    def test_every_destination_rejected_before_any_write(name: str, kind: str) -> None:
>       env = make_env(2)
              ^^^^^^^^^^^

tests/kaggriculture/test_native_env.py:75: 
_ _ _ _ _ _ _ _ _ _ _ _ _ _ _ _ _ _ _ _ _ _ _ _ _ _ _ _ _ _ _ _ _ _ _ _ _ _ _ _ 

n_envs = 2, seed = 11, stride = 2, config = '{}', threads = 1

    def make_env(n_envs: int = 1, seed: int = 11, stride: int = 2,
                 config: str = "{}", threads: int = 1) -> rs.KaggricultureEnv:
>       return rs.KaggricultureEnv(n_envs, seed, stride, config, REWARD, threads, hire_limit=241)
               ^^^^^^^^^^^^^^^^^^^
E       AttributeError: module 'owl.rs' has no attribute 'KaggricultureEnv'

tests/kaggriculture/test_native_env.py:47: AttributeError
_____ test_every_destination_rejected_before_any_write[overlap-actor_slot] _____

name = 'actor_slot', kind = 'overlap'

    @pytest.mark.parametrize("name", DESTINATIONS)
    @pytest.mark.parametrize("kind", ["shape", "dtype", "readonly", "stride", "fortran", "unaligned", "overlap"])
    def test_every_destination_rejected_before_any_write(name: str, kind: str) -> None:
>       env = make_env(2)
              ^^^^^^^^^^^

tests/kaggriculture/test_native_env.py:75: 
_ _ _ _ _ _ _ _ _ _ _ _ _ _ _ _ _ _ _ _ _ _ _ _ _ _ _ _ _ _ _ _ _ _ _ _ _ _ _ _ 

n_envs = 2, seed = 11, stride = 2, config = '{}', threads = 1

    def make_env(n_envs: int = 1, seed: int = 11, stride: int = 2,
                 config: str = "{}", threads: int = 1) -> rs.KaggricultureEnv:
>       return rs.KaggricultureEnv(n_envs, seed, stride, config, REWARD, threads, hire_limit=241)
               ^^^^^^^^^^^^^^^^^^^
E       AttributeError: module 'owl.rs' has no attribute 'KaggricultureEnv'

tests/kaggriculture/test_native_env.py:47: AttributeError
_____ test_every_destination_rejected_before_any_write[overlap-actor_cell] _____

name = 'actor_cell', kind = 'overlap'

    @pytest.mark.parametrize("name", DESTINATIONS)
    @pytest.mark.parametrize("kind", ["shape", "dtype", "readonly", "stride", "fortran", "unaligned", "overlap"])
    def test_every_destination_rejected_before_any_write(name: str, kind: str) -> None:
>       env = make_env(2)
              ^^^^^^^^^^^

tests/kaggriculture/test_native_env.py:75: 
_ _ _ _ _ _ _ _ _ _ _ _ _ _ _ _ _ _ _ _ _ _ _ _ _ _ _ _ _ _ _ _ _ _ _ _ _ _ _ _ 

n_envs = 2, seed = 11, stride = 2, config = '{}', threads = 1

    def make_env(n_envs: int = 1, seed: int = 11, stride: int = 2,
                 config: str = "{}", threads: int = 1) -> rs.KaggricultureEnv:
>       return rs.KaggricultureEnv(n_envs, seed, stride, config, REWARD, threads, hire_limit=241)
               ^^^^^^^^^^^^^^^^^^^
E       AttributeError: module 'owl.rs' has no attribute 'KaggricultureEnv'

tests/kaggriculture/test_native_env.py:47: AttributeError
_____ test_every_destination_rejected_before_any_write[overlap-actor_role] _____

name = 'actor_role', kind = 'overlap'

    @pytest.mark.parametrize("name", DESTINATIONS)
    @pytest.mark.parametrize("kind", ["shape", "dtype", "readonly", "stride", "fortran", "unaligned", "overlap"])
    def test_every_destination_rejected_before_any_write(name: str, kind: str) -> None:
>       env = make_env(2)
              ^^^^^^^^^^^

tests/kaggriculture/test_native_env.py:75: 
_ _ _ _ _ _ _ _ _ _ _ _ _ _ _ _ _ _ _ _ _ _ _ _ _ _ _ _ _ _ _ _ _ _ _ _ _ _ _ _ 

n_envs = 2, seed = 11, stride = 2, config = '{}', threads = 1

    def make_env(n_envs: int = 1, seed: int = 11, stride: int = 2,
                 config: str = "{}", threads: int = 1) -> rs.KaggricultureEnv:
>       return rs.KaggricultureEnv(n_envs, seed, stride, config, REWARD, threads, hire_limit=241)
               ^^^^^^^^^^^^^^^^^^^
E       AttributeError: module 'owl.rs' has no attribute 'KaggricultureEnv'

tests/kaggriculture/test_native_env.py:47: AttributeError
_____ test_every_destination_rejected_before_any_write[overlap-actor_mask] _____

name = 'actor_mask', kind = 'overlap'

    @pytest.mark.parametrize("name", DESTINATIONS)
    @pytest.mark.parametrize("kind", ["shape", "dtype", "readonly", "stride", "fortran", "unaligned", "overlap"])
    def test_every_destination_rejected_before_any_write(name: str, kind: str) -> None:
>       env = make_env(2)
              ^^^^^^^^^^^

tests/kaggriculture/test_native_env.py:75: 
_ _ _ _ _ _ _ _ _ _ _ _ _ _ _ _ _ _ _ _ _ _ _ _ _ _ _ _ _ _ _ _ _ _ _ _ _ _ _ _ 

n_envs = 2, seed = 11, stride = 2, config = '{}', threads = 1

    def make_env(n_envs: int = 1, seed: int = 11, stride: int = 2,
                 config: str = "{}", threads: int = 1) -> rs.KaggricultureEnv:
>       return rs.KaggricultureEnv(n_envs, seed, stride, config, REWARD, threads, hire_limit=241)
               ^^^^^^^^^^^^^^^^^^^
E       AttributeError: module 'owl.rs' has no attribute 'KaggricultureEnv'

tests/kaggriculture/test_native_env.py:47: AttributeError
__ test_every_destination_rejected_before_any_write[overlap-actor_inventory] ___

name = 'actor_inventory', kind = 'overlap'

    @pytest.mark.parametrize("name", DESTINATIONS)
    @pytest.mark.parametrize("kind", ["shape", "dtype", "readonly", "stride", "fortran", "unaligned", "overlap"])
    def test_every_destination_rejected_before_any_write(name: str, kind: str) -> None:
>       env = make_env(2)
              ^^^^^^^^^^^

tests/kaggriculture/test_native_env.py:75: 
_ _ _ _ _ _ _ _ _ _ _ _ _ _ _ _ _ _ _ _ _ _ _ _ _ _ _ _ _ _ _ _ _ _ _ _ _ _ _ _ 

n_envs = 2, seed = 11, stride = 2, config = '{}', threads = 1

    def make_env(n_envs: int = 1, seed: int = 11, stride: int = 2,
                 config: str = "{}", threads: int = 1) -> rs.KaggricultureEnv:
>       return rs.KaggricultureEnv(n_envs, seed, stride, config, REWARD, threads, hire_limit=241)
               ^^^^^^^^^^^^^^^^^^^
E       AttributeError: module 'owl.rs' has no attribute 'KaggricultureEnv'

tests/kaggriculture/test_native_env.py:47: AttributeError
_ test_every_destination_rejected_before_any_write[overlap-actor_inventory_rank] _

name = 'actor_inventory_rank', kind = 'overlap'

    @pytest.mark.parametrize("name", DESTINATIONS)
    @pytest.mark.parametrize("kind", ["shape", "dtype", "readonly", "stride", "fortran", "unaligned", "overlap"])
    def test_every_destination_rejected_before_any_write(name: str, kind: str) -> None:
>       env = make_env(2)
              ^^^^^^^^^^^

tests/kaggriculture/test_native_env.py:75: 
_ _ _ _ _ _ _ _ _ _ _ _ _ _ _ _ _ _ _ _ _ _ _ _ _ _ _ _ _ _ _ _ _ _ _ _ _ _ _ _ 

n_envs = 2, seed = 11, stride = 2, config = '{}', threads = 1

    def make_env(n_envs: int = 1, seed: int = 11, stride: int = 2,
                 config: str = "{}", threads: int = 1) -> rs.KaggricultureEnv:
>       return rs.KaggricultureEnv(n_envs, seed, stride, config, REWARD, threads, hire_limit=241)
               ^^^^^^^^^^^^^^^^^^^
E       AttributeError: module 'owl.rs' has no attribute 'KaggricultureEnv'

tests/kaggriculture/test_native_env.py:47: AttributeError
____ test_every_destination_rejected_before_any_write[overlap-actors_float] ____

name = 'actors_float', kind = 'overlap'

    @pytest.mark.parametrize("name", DESTINATIONS)
    @pytest.mark.parametrize("kind", ["shape", "dtype", "readonly", "stride", "fortran", "unaligned", "overlap"])
    def test_every_destination_rejected_before_any_write(name: str, kind: str) -> None:
>       env = make_env(2)
              ^^^^^^^^^^^

tests/kaggriculture/test_native_env.py:75: 
_ _ _ _ _ _ _ _ _ _ _ _ _ _ _ _ _ _ _ _ _ _ _ _ _ _ _ _ _ _ _ _ _ _ _ _ _ _ _ _ 

n_envs = 2, seed = 11, stride = 2, config = '{}', threads = 1

    def make_env(n_envs: int = 1, seed: int = 11, stride: int = 2,
                 config: str = "{}", threads: int = 1) -> rs.KaggricultureEnv:
>       return rs.KaggricultureEnv(n_envs, seed, stride, config, REWARD, threads, hire_limit=241)
               ^^^^^^^^^^^^^^^^^^^
E       AttributeError: module 'owl.rs' has no attribute 'KaggricultureEnv'

tests/kaggriculture/test_native_env.py:47: AttributeError
__ test_every_destination_rejected_before_any_write[overlap-player_features] ___

name = 'player_features', kind = 'overlap'

    @pytest.mark.parametrize("name", DESTINATIONS)
    @pytest.mark.parametrize("kind", ["shape", "dtype", "readonly", "stride", "fortran", "unaligned", "overlap"])
    def test_every_destination_rejected_before_any_write(name: str, kind: str) -> None:
>       env = make_env(2)
              ^^^^^^^^^^^

tests/kaggriculture/test_native_env.py:75: 
_ _ _ _ _ _ _ _ _ _ _ _ _ _ _ _ _ _ _ _ _ _ _ _ _ _ _ _ _ _ _ _ _ _ _ _ _ _ _ _ 

n_envs = 2, seed = 11, stride = 2, config = '{}', threads = 1

    def make_env(n_envs: int = 1, seed: int = 11, stride: int = 2,
                 config: str = "{}", threads: int = 1) -> rs.KaggricultureEnv:
>       return rs.KaggricultureEnv(n_envs, seed, stride, config, REWARD, threads, hire_limit=241)
               ^^^^^^^^^^^^^^^^^^^
E       AttributeError: module 'owl.rs' has no attribute 'KaggricultureEnv'

tests/kaggriculture/test_native_env.py:47: AttributeError
___ test_every_destination_rejected_before_any_write[overlap-storage_counts] ___

name = 'storage_counts', kind = 'overlap'

    @pytest.mark.parametrize("name", DESTINATIONS)
    @pytest.mark.parametrize("kind", ["shape", "dtype", "readonly", "stride", "fortran", "unaligned", "overlap"])
    def test_every_destination_rejected_before_any_write(name: str, kind: str) -> None:
>       env = make_env(2)
              ^^^^^^^^^^^

tests/kaggriculture/test_native_env.py:75: 
_ _ _ _ _ _ _ _ _ _ _ _ _ _ _ _ _ _ _ _ _ _ _ _ _ _ _ _ _ _ _ _ _ _ _ _ _ _ _ _ 

n_envs = 2, seed = 11, stride = 2, config = '{}', threads = 1

    def make_env(n_envs: int = 1, seed: int = 11, stride: int = 2,
                 config: str = "{}", threads: int = 1) -> rs.KaggricultureEnv:
>       return rs.KaggricultureEnv(n_envs, seed, stride, config, REWARD, threads, hire_limit=241)
               ^^^^^^^^^^^^^^^^^^^
E       AttributeError: module 'owl.rs' has no attribute 'KaggricultureEnv'

tests/kaggriculture/test_native_env.py:47: AttributeError
____ test_every_destination_rejected_before_any_write[overlap-storage_rank] ____

name = 'storage_rank', kind = 'overlap'

    @pytest.mark.parametrize("name", DESTINATIONS)
    @pytest.mark.parametrize("kind", ["shape", "dtype", "readonly", "stride", "fortran", "unaligned", "overlap"])
    def test_every_destination_rejected_before_any_write(name: str, kind: str) -> None:
>       env = make_env(2)
              ^^^^^^^^^^^

tests/kaggriculture/test_native_env.py:75: 
_ _ _ _ _ _ _ _ _ _ _ _ _ _ _ _ _ _ _ _ _ _ _ _ _ _ _ _ _ _ _ _ _ _ _ _ _ _ _ _ 

n_envs = 2, seed = 11, stride = 2, config = '{}', threads = 1

    def make_env(n_envs: int = 1, seed: int = 11, stride: int = 2,
                 config: str = "{}", threads: int = 1) -> rs.KaggricultureEnv:
>       return rs.KaggricultureEnv(n_envs, seed, stride, config, REWARD, threads, hire_limit=241)
               ^^^^^^^^^^^^^^^^^^^
E       AttributeError: module 'owl.rs' has no attribute 'KaggricultureEnv'

tests/kaggriculture/test_native_env.py:47: AttributeError
_______ test_every_destination_rejected_before_any_write[overlap-banks] ________

name = 'banks', kind = 'overlap'

    @pytest.mark.parametrize("name", DESTINATIONS)
    @pytest.mark.parametrize("kind", ["shape", "dtype", "readonly", "stride", "fortran", "unaligned", "overlap"])
    def test_every_destination_rejected_before_any_write(name: str, kind: str) -> None:
>       env = make_env(2)
              ^^^^^^^^^^^

tests/kaggriculture/test_native_env.py:75: 
_ _ _ _ _ _ _ _ _ _ _ _ _ _ _ _ _ _ _ _ _ _ _ _ _ _ _ _ _ _ _ _ _ _ _ _ _ _ _ _ 

n_envs = 2, seed = 11, stride = 2, config = '{}', threads = 1

    def make_env(n_envs: int = 1, seed: int = 11, stride: int = 2,
                 config: str = "{}", threads: int = 1) -> rs.KaggricultureEnv:
>       return rs.KaggricultureEnv(n_envs, seed, stride, config, REWARD, threads, hire_limit=241)
               ^^^^^^^^^^^^^^^^^^^
E       AttributeError: module 'owl.rs' has no attribute 'KaggricultureEnv'

tests/kaggriculture/test_native_env.py:47: AttributeError
_____ test_every_destination_rejected_before_any_write[overlap-shop_type] ______

name = 'shop_type', kind = 'overlap'

    @pytest.mark.parametrize("name", DESTINATIONS)
    @pytest.mark.parametrize("kind", ["shape", "dtype", "readonly", "stride", "fortran", "unaligned", "overlap"])
    def test_every_destination_rejected_before_any_write(name: str, kind: str) -> None:
>       env = make_env(2)
              ^^^^^^^^^^^

tests/kaggriculture/test_native_env.py:75: 
_ _ _ _ _ _ _ _ _ _ _ _ _ _ _ _ _ _ _ _ _ _ _ _ _ _ _ _ _ _ _ _ _ _ _ _ _ _ _ _ 

n_envs = 2, seed = 11, stride = 2, config = '{}', threads = 1

    def make_env(n_envs: int = 1, seed: int = 11, stride: int = 2,
                 config: str = "{}", threads: int = 1) -> rs.KaggricultureEnv:
>       return rs.KaggricultureEnv(n_envs, seed, stride, config, REWARD, threads, hire_limit=241)
               ^^^^^^^^^^^^^^^^^^^
E       AttributeError: module 'owl.rs' has no attribute 'KaggricultureEnv'

tests/kaggriculture/test_native_env.py:47: AttributeError
_____ test_every_destination_rejected_before_any_write[overlap-shop_slot] ______

name = 'shop_slot', kind = 'overlap'

    @pytest.mark.parametrize("name", DESTINATIONS)
    @pytest.mark.parametrize("kind", ["shape", "dtype", "readonly", "stride", "fortran", "unaligned", "overlap"])
    def test_every_destination_rejected_before_any_write(name: str, kind: str) -> None:
>       env = make_env(2)
              ^^^^^^^^^^^

tests/kaggriculture/test_native_env.py:75: 
_ _ _ _ _ _ _ _ _ _ _ _ _ _ _ _ _ _ _ _ _ _ _ _ _ _ _ _ _ _ _ _ _ _ _ _ _ _ _ _ 

n_envs = 2, seed = 11, stride = 2, config = '{}', threads = 1

    def make_env(n_envs: int = 1, seed: int = 11, stride: int = 2,
                 config: str = "{}", threads: int = 1) -> rs.KaggricultureEnv:
>       return rs.KaggricultureEnv(n_envs, seed, stride, config, REWARD, threads, hire_limit=241)
               ^^^^^^^^^^^^^^^^^^^
E       AttributeError: module 'owl.rs' has no attribute 'KaggricultureEnv'

tests/kaggriculture/test_native_env.py:47: AttributeError
_____ test_every_destination_rejected_before_any_write[overlap-shop_mask] ______

name = 'shop_mask', kind = 'overlap'

    @pytest.mark.parametrize("name", DESTINATIONS)
    @pytest.mark.parametrize("kind", ["shape", "dtype", "readonly", "stride", "fortran", "unaligned", "overlap"])
    def test_every_destination_rejected_before_any_write(name: str, kind: str) -> None:
>       env = make_env(2)
              ^^^^^^^^^^^

tests/kaggriculture/test_native_env.py:75: 
_ _ _ _ _ _ _ _ _ _ _ _ _ _ _ _ _ _ _ _ _ _ _ _ _ _ _ _ _ _ _ _ _ _ _ _ _ _ _ _ 

n_envs = 2, seed = 11, stride = 2, config = '{}', threads = 1

    def make_env(n_envs: int = 1, seed: int = 11, stride: int = 2,
                 config: str = "{}", threads: int = 1) -> rs.KaggricultureEnv:
>       return rs.KaggricultureEnv(n_envs, seed, stride, config, REWARD, threads, hire_limit=241)
               ^^^^^^^^^^^^^^^^^^^
E       AttributeError: module 'owl.rs' has no attribute 'KaggricultureEnv'

tests/kaggriculture/test_native_env.py:47: AttributeError
___ test_every_destination_rejected_before_any_write[overlap-market_product] ___

name = 'market_product', kind = 'overlap'

    @pytest.mark.parametrize("name", DESTINATIONS)
    @pytest.mark.parametrize("kind", ["shape", "dtype", "readonly", "stride", "fortran", "unaligned", "overlap"])
    def test_every_destination_rejected_before_any_write(name: str, kind: str) -> None:
>       env = make_env(2)
              ^^^^^^^^^^^

tests/kaggriculture/test_native_env.py:75: 
_ _ _ _ _ _ _ _ _ _ _ _ _ _ _ _ _ _ _ _ _ _ _ _ _ _ _ _ _ _ _ _ _ _ _ _ _ _ _ _ 

n_envs = 2, seed = 11, stride = 2, config = '{}', threads = 1

    def make_env(n_envs: int = 1, seed: int = 11, stride: int = 2,
                 config: str = "{}", threads: int = 1) -> rs.KaggricultureEnv:
>       return rs.KaggricultureEnv(n_envs, seed, stride, config, REWARD, threads, hire_limit=241)
               ^^^^^^^^^^^^^^^^^^^
E       AttributeError: module 'owl.rs' has no attribute 'KaggricultureEnv'

tests/kaggriculture/test_native_env.py:47: AttributeError
____ test_every_destination_rejected_before_any_write[overlap-market_float] ____

name = 'market_float', kind = 'overlap'

    @pytest.mark.parametrize("name", DESTINATIONS)
    @pytest.mark.parametrize("kind", ["shape", "dtype", "readonly", "stride", "fortran", "unaligned", "overlap"])
    def test_every_destination_rejected_before_any_write(name: str, kind: str) -> None:
>       env = make_env(2)
              ^^^^^^^^^^^

tests/kaggriculture/test_native_env.py:75: 
_ _ _ _ _ _ _ _ _ _ _ _ _ _ _ _ _ _ _ _ _ _ _ _ _ _ _ _ _ _ _ _ _ _ _ _ _ _ _ _ 

n_envs = 2, seed = 11, stride = 2, config = '{}', threads = 1

    def make_env(n_envs: int = 1, seed: int = 11, stride: int = 2,
                 config: str = "{}", threads: int = 1) -> rs.KaggricultureEnv:
>       return rs.KaggricultureEnv(n_envs, seed, stride, config, REWARD, threads, hire_limit=241)
               ^^^^^^^^^^^^^^^^^^^
E       AttributeError: module 'owl.rs' has no attribute 'KaggricultureEnv'

tests/kaggriculture/test_native_env.py:47: AttributeError
_____ test_every_destination_rejected_before_any_write[overlap-market_int] _____

name = 'market_int', kind = 'overlap'

    @pytest.mark.parametrize("name", DESTINATIONS)
    @pytest.mark.parametrize("kind", ["shape", "dtype", "readonly", "stride", "fortran", "unaligned", "overlap"])
    def test_every_destination_rejected_before_any_write(name: str, kind: str) -> None:
>       env = make_env(2)
              ^^^^^^^^^^^

tests/kaggriculture/test_native_env.py:75: 
_ _ _ _ _ _ _ _ _ _ _ _ _ _ _ _ _ _ _ _ _ _ _ _ _ _ _ _ _ _ _ _ _ _ _ _ _ _ _ _ 

n_envs = 2, seed = 11, stride = 2, config = '{}', threads = 1

    def make_env(n_envs: int = 1, seed: int = 11, stride: int = 2,
                 config: str = "{}", threads: int = 1) -> rs.KaggricultureEnv:
>       return rs.KaggricultureEnv(n_envs, seed, stride, config, REWARD, threads, hire_limit=241)
               ^^^^^^^^^^^^^^^^^^^
E       AttributeError: module 'owl.rs' has no attribute 'KaggricultureEnv'

tests/kaggriculture/test_native_env.py:47: AttributeError
__ test_every_destination_rejected_before_any_write[overlap-global_features] ___

name = 'global_features', kind = 'overlap'

    @pytest.mark.parametrize("name", DESTINATIONS)
    @pytest.mark.parametrize("kind", ["shape", "dtype", "readonly", "stride", "fortran", "unaligned", "overlap"])
    def test_every_destination_rejected_before_any_write(name: str, kind: str) -> None:
>       env = make_env(2)
              ^^^^^^^^^^^

tests/kaggriculture/test_native_env.py:75: 
_ _ _ _ _ _ _ _ _ _ _ _ _ _ _ _ _ _ _ _ _ _ _ _ _ _ _ _ _ _ _ _ _ _ _ _ _ _ _ _ 

n_envs = 2, seed = 11, stride = 2, config = '{}', threads = 1

    def make_env(n_envs: int = 1, seed: int = 11, stride: int = 2,
                 config: str = "{}", threads: int = 1) -> rs.KaggricultureEnv:
>       return rs.KaggricultureEnv(n_envs, seed, stride, config, REWARD, threads, hire_limit=241)
               ^^^^^^^^^^^^^^^^^^^
E       AttributeError: module 'owl.rs' has no attribute 'KaggricultureEnv'

tests/kaggriculture/test_native_env.py:47: AttributeError
____ test_every_destination_rejected_before_any_write[overlap-globals_int] _____

name = 'globals_int', kind = 'overlap'

    @pytest.mark.parametrize("name", DESTINATIONS)
    @pytest.mark.parametrize("kind", ["shape", "dtype", "readonly", "stride", "fortran", "unaligned", "overlap"])
    def test_every_destination_rejected_before_any_write(name: str, kind: str) -> None:
>       env = make_env(2)
              ^^^^^^^^^^^

tests/kaggriculture/test_native_env.py:75: 
_ _ _ _ _ _ _ _ _ _ _ _ _ _ _ _ _ _ _ _ _ _ _ _ _ _ _ _ _ _ _ _ _ _ _ _ _ _ _ _ 

n_envs = 2, seed = 11, stride = 2, config = '{}', threads = 1

    def make_env(n_envs: int = 1, seed: int = 11, stride: int = 2,
                 config: str = "{}", threads: int = 1) -> rs.KaggricultureEnv:
>       return rs.KaggricultureEnv(n_envs, seed, stride, config, REWARD, threads, hire_limit=241)
               ^^^^^^^^^^^^^^^^^^^
E       AttributeError: module 'owl.rs' has no attribute 'KaggricultureEnv'

tests/kaggriculture/test_native_env.py:47: AttributeError
___ test_every_destination_rejected_before_any_write[overlap-still_playing] ____

name = 'still_playing', kind = 'overlap'

    @pytest.mark.parametrize("name", DESTINATIONS)
    @pytest.mark.parametrize("kind", ["shape", "dtype", "readonly", "stride", "fortran", "unaligned", "overlap"])
    def test_every_destination_rejected_before_any_write(name: str, kind: str) -> None:
>       env = make_env(2)
              ^^^^^^^^^^^

tests/kaggriculture/test_native_env.py:75: 
_ _ _ _ _ _ _ _ _ _ _ _ _ _ _ _ _ _ _ _ _ _ _ _ _ _ _ _ _ _ _ _ _ _ _ _ _ _ _ _ 

n_envs = 2, seed = 11, stride = 2, config = '{}', threads = 1

    def make_env(n_envs: int = 1, seed: int = 11, stride: int = 2,
                 config: str = "{}", threads: int = 1) -> rs.KaggricultureEnv:
>       return rs.KaggricultureEnv(n_envs, seed, stride, config, REWARD, threads, hire_limit=241)
               ^^^^^^^^^^^^^^^^^^^
E       AttributeError: module 'owl.rs' has no attribute 'KaggricultureEnv'

tests/kaggriculture/test_native_env.py:47: AttributeError
____ test_every_destination_rejected_before_any_write[overlap-order_limits] ____

name = 'order_limits', kind = 'overlap'

    @pytest.mark.parametrize("name", DESTINATIONS)
    @pytest.mark.parametrize("kind", ["shape", "dtype", "readonly", "stride", "fortran", "unaligned", "overlap"])
    def test_every_destination_rejected_before_any_write(name: str, kind: str) -> None:
>       env = make_env(2)
              ^^^^^^^^^^^

tests/kaggriculture/test_native_env.py:75: 
_ _ _ _ _ _ _ _ _ _ _ _ _ _ _ _ _ _ _ _ _ _ _ _ _ _ _ _ _ _ _ _ _ _ _ _ _ _ _ _ 

n_envs = 2, seed = 11, stride = 2, config = '{}', threads = 1

    def make_env(n_envs: int = 1, seed: int = 11, stride: int = 2,
                 config: str = "{}", threads: int = 1) -> rs.KaggricultureEnv:
>       return rs.KaggricultureEnv(n_envs, seed, stride, config, REWARD, threads, hire_limit=241)
               ^^^^^^^^^^^^^^^^^^^
E       AttributeError: module 'owl.rs' has no attribute 'KaggricultureEnv'

tests/kaggriculture/test_native_env.py:47: AttributeError
______ test_every_destination_rejected_before_any_write[overlap-can_act] _______

name = 'can_act', kind = 'overlap'

    @pytest.mark.parametrize("name", DESTINATIONS)
    @pytest.mark.parametrize("kind", ["shape", "dtype", "readonly", "stride", "fortran", "unaligned", "overlap"])
    def test_every_destination_rejected_before_any_write(name: str, kind: str) -> None:
>       env = make_env(2)
              ^^^^^^^^^^^

tests/kaggriculture/test_native_env.py:75: 
_ _ _ _ _ _ _ _ _ _ _ _ _ _ _ _ _ _ _ _ _ _ _ _ _ _ _ _ _ _ _ _ _ _ _ _ _ _ _ _ 

n_envs = 2, seed = 11, stride = 2, config = '{}', threads = 1

    def make_env(n_envs: int = 1, seed: int = 11, stride: int = 2,
                 config: str = "{}", threads: int = 1) -> rs.KaggricultureEnv:
>       return rs.KaggricultureEnv(n_envs, seed, stride, config, REWARD, threads, hire_limit=241)
               ^^^^^^^^^^^^^^^^^^^
E       AttributeError: module 'owl.rs' has no attribute 'KaggricultureEnv'

tests/kaggriculture/test_native_env.py:47: AttributeError
______ test_every_destination_rejected_before_any_write[overlap-rewards] _______

name = 'rewards', kind = 'overlap'

    @pytest.mark.parametrize("name", DESTINATIONS)
    @pytest.mark.parametrize("kind", ["shape", "dtype", "readonly", "stride", "fortran", "unaligned", "overlap"])
    def test_every_destination_rejected_before_any_write(name: str, kind: str) -> None:
>       env = make_env(2)
              ^^^^^^^^^^^

tests/kaggriculture/test_native_env.py:75: 
_ _ _ _ _ _ _ _ _ _ _ _ _ _ _ _ _ _ _ _ _ _ _ _ _ _ _ _ _ _ _ _ _ _ _ _ _ _ _ _ 

n_envs = 2, seed = 11, stride = 2, config = '{}', threads = 1

    def make_env(n_envs: int = 1, seed: int = 11, stride: int = 2,
                 config: str = "{}", threads: int = 1) -> rs.KaggricultureEnv:
>       return rs.KaggricultureEnv(n_envs, seed, stride, config, REWARD, threads, hire_limit=241)
               ^^^^^^^^^^^^^^^^^^^
E       AttributeError: module 'owl.rs' has no attribute 'KaggricultureEnv'

tests/kaggriculture/test_native_env.py:47: AttributeError
_______ test_every_destination_rejected_before_any_write[overlap-dones] ________

name = 'dones', kind = 'overlap'

    @pytest.mark.parametrize("name", DESTINATIONS)
    @pytest.mark.parametrize("kind", ["shape", "dtype", "readonly", "stride", "fortran", "unaligned", "overlap"])
    def test_every_destination_rejected_before_any_write(name: str, kind: str) -> None:
>       env = make_env(2)
              ^^^^^^^^^^^

tests/kaggriculture/test_native_env.py:75: 
_ _ _ _ _ _ _ _ _ _ _ _ _ _ _ _ _ _ _ _ _ _ _ _ _ _ _ _ _ _ _ _ _ _ _ _ _ _ _ _ 

n_envs = 2, seed = 11, stride = 2, config = '{}', threads = 1

    def make_env(n_envs: int = 1, seed: int = 11, stride: int = 2,
                 config: str = "{}", threads: int = 1) -> rs.KaggricultureEnv:
>       return rs.KaggricultureEnv(n_envs, seed, stride, config, REWARD, threads, hire_limit=241)
               ^^^^^^^^^^^^^^^^^^^
E       AttributeError: module 'owl.rs' has no attribute 'KaggricultureEnv'

tests/kaggriculture/test_native_env.py:47: AttributeError
_ test_every_destination_rejected_before_any_write[overlap-transition_banks_before] _

name = 'transition_banks_before', kind = 'overlap'

    @pytest.mark.parametrize("name", DESTINATIONS)
    @pytest.mark.parametrize("kind", ["shape", "dtype", "readonly", "stride", "fortran", "unaligned", "overlap"])
    def test_every_destination_rejected_before_any_write(name: str, kind: str) -> None:
>       env = make_env(2)
              ^^^^^^^^^^^

tests/kaggriculture/test_native_env.py:75: 
_ _ _ _ _ _ _ _ _ _ _ _ _ _ _ _ _ _ _ _ _ _ _ _ _ _ _ _ _ _ _ _ _ _ _ _ _ _ _ _ 

n_envs = 2, seed = 11, stride = 2, config = '{}', threads = 1

    def make_env(n_envs: int = 1, seed: int = 11, stride: int = 2,
                 config: str = "{}", threads: int = 1) -> rs.KaggricultureEnv:
>       return rs.KaggricultureEnv(n_envs, seed, stride, config, REWARD, threads, hire_limit=241)
               ^^^^^^^^^^^^^^^^^^^
E       AttributeError: module 'owl.rs' has no attribute 'KaggricultureEnv'

tests/kaggriculture/test_native_env.py:47: AttributeError
_ test_every_destination_rejected_before_any_write[overlap-transition_banks_after] _

name = 'transition_banks_after', kind = 'overlap'

    @pytest.mark.parametrize("name", DESTINATIONS)
    @pytest.mark.parametrize("kind", ["shape", "dtype", "readonly", "stride", "fortran", "unaligned", "overlap"])
    def test_every_destination_rejected_before_any_write(name: str, kind: str) -> None:
>       env = make_env(2)
              ^^^^^^^^^^^

tests/kaggriculture/test_native_env.py:75: 
_ _ _ _ _ _ _ _ _ _ _ _ _ _ _ _ _ _ _ _ _ _ _ _ _ _ _ _ _ _ _ _ _ _ _ _ _ _ _ _ 

n_envs = 2, seed = 11, stride = 2, config = '{}', threads = 1

    def make_env(n_envs: int = 1, seed: int = 11, stride: int = 2,
                 config: str = "{}", threads: int = 1) -> rs.KaggricultureEnv:
>       return rs.KaggricultureEnv(n_envs, seed, stride, config, REWARD, threads, hire_limit=241)
               ^^^^^^^^^^^^^^^^^^^
E       AttributeError: module 'owl.rs' has no attribute 'KaggricultureEnv'

tests/kaggriculture/test_native_env.py:47: AttributeError
_ test_every_destination_rejected_before_any_write[overlap-transition_econ_before] _

name = 'transition_econ_before', kind = 'overlap'

    @pytest.mark.parametrize("name", DESTINATIONS)
    @pytest.mark.parametrize("kind", ["shape", "dtype", "readonly", "stride", "fortran", "unaligned", "overlap"])
    def test_every_destination_rejected_before_any_write(name: str, kind: str) -> None:
>       env = make_env(2)
              ^^^^^^^^^^^

tests/kaggriculture/test_native_env.py:75: 
_ _ _ _ _ _ _ _ _ _ _ _ _ _ _ _ _ _ _ _ _ _ _ _ _ _ _ _ _ _ _ _ _ _ _ _ _ _ _ _ 

n_envs = 2, seed = 11, stride = 2, config = '{}', threads = 1

    def make_env(n_envs: int = 1, seed: int = 11, stride: int = 2,
                 config: str = "{}", threads: int = 1) -> rs.KaggricultureEnv:
>       return rs.KaggricultureEnv(n_envs, seed, stride, config, REWARD, threads, hire_limit=241)
               ^^^^^^^^^^^^^^^^^^^
E       AttributeError: module 'owl.rs' has no attribute 'KaggricultureEnv'

tests/kaggriculture/test_native_env.py:47: AttributeError
_ test_every_destination_rejected_before_any_write[overlap-transition_econ_after] _

name = 'transition_econ_after', kind = 'overlap'

    @pytest.mark.parametrize("name", DESTINATIONS)
    @pytest.mark.parametrize("kind", ["shape", "dtype", "readonly", "stride", "fortran", "unaligned", "overlap"])
    def test_every_destination_rejected_before_any_write(name: str, kind: str) -> None:
>       env = make_env(2)
              ^^^^^^^^^^^

tests/kaggriculture/test_native_env.py:75: 
_ _ _ _ _ _ _ _ _ _ _ _ _ _ _ _ _ _ _ _ _ _ _ _ _ _ _ _ _ _ _ _ _ _ _ _ _ _ _ _ 

n_envs = 2, seed = 11, stride = 2, config = '{}', threads = 1

    def make_env(n_envs: int = 1, seed: int = 11, stride: int = 2,
                 config: str = "{}", threads: int = 1) -> rs.KaggricultureEnv:
>       return rs.KaggricultureEnv(n_envs, seed, stride, config, REWARD, threads, hire_limit=241)
               ^^^^^^^^^^^^^^^^^^^
E       AttributeError: module 'owl.rs' has no attribute 'KaggricultureEnv'

tests/kaggriculture/test_native_env.py:47: AttributeError
=========================== short test summary info ============================
FAILED tests/kaggriculture/test_native_env.py::test_constructor_observe_does_not_consume_reset_seed
FAILED tests/kaggriculture/test_native_env.py::test_every_destination_rejected_before_any_write[shape-tile_kind]
FAILED tests/kaggriculture/test_native_env.py::test_every_destination_rejected_before_any_write[shape-tile_crop]
FAILED tests/kaggriculture/test_native_env.py::test_every_destination_rejected_before_any_write[shape-tile_animal]
FAILED tests/kaggriculture/test_native_env.py::test_every_destination_rejected_before_any_write[shape-tile_cell]
FAILED tests/kaggriculture/test_native_env.py::test_every_destination_rejected_before_any_write[shape-tile_role]
FAILED tests/kaggriculture/test_native_env.py::test_every_destination_rejected_before_any_write[shape-tiles_int]
FAILED tests/kaggriculture/test_native_env.py::test_every_destination_rejected_before_any_write[shape-tiles_float]
FAILED tests/kaggriculture/test_native_env.py::test_every_destination_rejected_before_any_write[shape-actor_slot]
FAILED tests/kaggriculture/test_native_env.py::test_every_destination_rejected_before_any_write[shape-actor_cell]
FAILED tests/kaggriculture/test_native_env.py::test_every_destination_rejected_before_any_write[shape-actor_role]
FAILED tests/kaggriculture/test_native_env.py::test_every_destination_rejected_before_any_write[shape-actor_mask]
FAILED tests/kaggriculture/test_native_env.py::test_every_destination_rejected_before_any_write[shape-actor_inventory]
FAILED tests/kaggriculture/test_native_env.py::test_every_destination_rejected_before_any_write[shape-actor_inventory_rank]
FAILED tests/kaggriculture/test_native_env.py::test_every_destination_rejected_before_any_write[shape-actors_float]
FAILED tests/kaggriculture/test_native_env.py::test_every_destination_rejected_before_any_write[shape-player_features]
FAILED tests/kaggriculture/test_native_env.py::test_every_destination_rejected_before_any_write[shape-storage_counts]
FAILED tests/kaggriculture/test_native_env.py::test_every_destination_rejected_before_any_write[shape-storage_rank]
FAILED tests/kaggriculture/test_native_env.py::test_every_destination_rejected_before_any_write[shape-banks]
FAILED tests/kaggriculture/test_native_env.py::test_every_destination_rejected_before_any_write[shape-shop_type]
FAILED tests/kaggriculture/test_native_env.py::test_every_destination_rejected_before_any_write[shape-shop_slot]
FAILED tests/kaggriculture/test_native_env.py::test_every_destination_rejected_before_any_write[shape-shop_mask]
FAILED tests/kaggriculture/test_native_env.py::test_every_destination_rejected_before_any_write[shape-market_product]
FAILED tests/kaggriculture/test_native_env.py::test_every_destination_rejected_before_any_write[shape-market_float]
FAILED tests/kaggriculture/test_native_env.py::test_every_destination_rejected_before_any_write[shape-market_int]
FAILED tests/kaggriculture/test_native_env.py::test_every_destination_rejected_before_any_write[shape-global_features]
FAILED tests/kaggriculture/test_native_env.py::test_every_destination_rejected_before_any_write[shape-globals_int]
FAILED tests/kaggriculture/test_native_env.py::test_every_destination_rejected_before_any_write[shape-still_playing]
FAILED tests/kaggriculture/test_native_env.py::test_every_destination_rejected_before_any_write[shape-order_limits]
FAILED tests/kaggriculture/test_native_env.py::test_every_destination_rejected_before_any_write[shape-can_act]
FAILED tests/kaggriculture/test_native_env.py::test_every_destination_rejected_before_any_write[shape-rewards]
FAILED tests/kaggriculture/test_native_env.py::test_every_destination_rejected_before_any_write[shape-dones]
FAILED tests/kaggriculture/test_native_env.py::test_every_destination_rejected_before_any_write[shape-transition_banks_before]
FAILED tests/kaggriculture/test_native_env.py::test_every_destination_rejected_before_any_write[shape-transition_banks_after]
FAILED tests/kaggriculture/test_native_env.py::test_every_destination_rejected_before_any_write[shape-transition_econ_before]
FAILED tests/kaggriculture/test_native_env.py::test_every_destination_rejected_before_any_write[shape-transition_econ_after]
FAILED tests/kaggriculture/test_native_env.py::test_every_destination_rejected_before_any_write[dtype-tile_kind]
FAILED tests/kaggriculture/test_native_env.py::test_every_destination_rejected_before_any_write[dtype-tile_crop]
FAILED tests/kaggriculture/test_native_env.py::test_every_destination_rejected_before_any_write[dtype-tile_animal]
FAILED tests/kaggriculture/test_native_env.py::test_every_destination_rejected_before_any_write[dtype-tile_cell]
FAILED tests/kaggriculture/test_native_env.py::test_every_destination_rejected_before_any_write[dtype-tile_role]
FAILED tests/kaggriculture/test_native_env.py::test_every_destination_rejected_before_any_write[dtype-tiles_int]
FAILED tests/kaggriculture/test_native_env.py::test_every_destination_rejected_before_any_write[dtype-tiles_float]
FAILED tests/kaggriculture/test_native_env.py::test_every_destination_rejected_before_any_write[dtype-actor_slot]
FAILED tests/kaggriculture/test_native_env.py::test_every_destination_rejected_before_any_write[dtype-actor_cell]
FAILED tests/kaggriculture/test_native_env.py::test_every_destination_rejected_before_any_write[dtype-actor_role]
FAILED tests/kaggriculture/test_native_env.py::test_every_destination_rejected_before_any_write[dtype-actor_mask]
FAILED tests/kaggriculture/test_native_env.py::test_every_destination_rejected_before_any_write[dtype-actor_inventory]
FAILED tests/kaggriculture/test_native_env.py::test_every_destination_rejected_before_any_write[dtype-actor_inventory_rank]
FAILED tests/kaggriculture/test_native_env.py::test_every_destination_rejected_before_any_write[dtype-actors_float]
FAILED tests/kaggriculture/test_native_env.py::test_every_destination_rejected_before_any_write[dtype-player_features]
FAILED tests/kaggriculture/test_native_env.py::test_every_destination_rejected_before_any_write[dtype-storage_counts]
FAILED tests/kaggriculture/test_native_env.py::test_every_destination_rejected_before_any_write[dtype-storage_rank]
FAILED tests/kaggriculture/test_native_env.py::test_every_destination_rejected_before_any_write[dtype-banks]
FAILED tests/kaggriculture/test_native_env.py::test_every_destination_rejected_before_any_write[dtype-shop_type]
FAILED tests/kaggriculture/test_native_env.py::test_every_destination_rejected_before_any_write[dtype-shop_slot]
FAILED tests/kaggriculture/test_native_env.py::test_every_destination_rejected_before_any_write[dtype-shop_mask]
FAILED tests/kaggriculture/test_native_env.py::test_every_destination_rejected_before_any_write[dtype-market_product]
FAILED tests/kaggriculture/test_native_env.py::test_every_destination_rejected_before_any_write[dtype-market_float]
FAILED tests/kaggriculture/test_native_env.py::test_every_destination_rejected_before_any_write[dtype-market_int]
FAILED tests/kaggriculture/test_native_env.py::test_every_destination_rejected_before_any_write[dtype-global_features]
FAILED tests/kaggriculture/test_native_env.py::test_every_destination_rejected_before_any_write[dtype-globals_int]
FAILED tests/kaggriculture/test_native_env.py::test_every_destination_rejected_before_any_write[dtype-still_playing]
FAILED tests/kaggriculture/test_native_env.py::test_every_destination_rejected_before_any_write[dtype-order_limits]
FAILED tests/kaggriculture/test_native_env.py::test_every_destination_rejected_before_any_write[dtype-can_act]
FAILED tests/kaggriculture/test_native_env.py::test_every_destination_rejected_before_any_write[dtype-rewards]
FAILED tests/kaggriculture/test_native_env.py::test_every_destination_rejected_before_any_write[dtype-dones]
FAILED tests/kaggriculture/test_native_env.py::test_every_destination_rejected_before_any_write[dtype-transition_banks_before]
FAILED tests/kaggriculture/test_native_env.py::test_every_destination_rejected_before_any_write[dtype-transition_banks_after]
FAILED tests/kaggriculture/test_native_env.py::test_every_destination_rejected_before_any_write[dtype-transition_econ_before]
FAILED tests/kaggriculture/test_native_env.py::test_every_destination_rejected_before_any_write[dtype-transition_econ_after]
FAILED tests/kaggriculture/test_native_env.py::test_every_destination_rejected_before_any_write[readonly-tile_kind]
FAILED tests/kaggriculture/test_native_env.py::test_every_destination_rejected_before_any_write[readonly-tile_crop]
FAILED tests/kaggriculture/test_native_env.py::test_every_destination_rejected_before_any_write[readonly-tile_animal]
FAILED tests/kaggriculture/test_native_env.py::test_every_destination_rejected_before_any_write[readonly-tile_cell]
FAILED tests/kaggriculture/test_native_env.py::test_every_destination_rejected_before_any_write[readonly-tile_role]
FAILED tests/kaggriculture/test_native_env.py::test_every_destination_rejected_before_any_write[readonly-tiles_int]
FAILED tests/kaggriculture/test_native_env.py::test_every_destination_rejected_before_any_write[readonly-tiles_float]
FAILED tests/kaggriculture/test_native_env.py::test_every_destination_rejected_before_any_write[readonly-actor_slot]
FAILED tests/kaggriculture/test_native_env.py::test_every_destination_rejected_before_any_write[readonly-actor_cell]
FAILED tests/kaggriculture/test_native_env.py::test_every_destination_rejected_before_any_write[readonly-actor_role]
FAILED tests/kaggriculture/test_native_env.py::test_every_destination_rejected_before_any_write[readonly-actor_mask]
FAILED tests/kaggriculture/test_native_env.py::test_every_destination_rejected_before_any_write[readonly-actor_inventory]
FAILED tests/kaggriculture/test_native_env.py::test_every_destination_rejected_before_any_write[readonly-actor_inventory_rank]
FAILED tests/kaggriculture/test_native_env.py::test_every_destination_rejected_before_any_write[readonly-actors_float]
FAILED tests/kaggriculture/test_native_env.py::test_every_destination_rejected_before_any_write[readonly-player_features]
FAILED tests/kaggriculture/test_native_env.py::test_every_destination_rejected_before_any_write[readonly-storage_counts]
FAILED tests/kaggriculture/test_native_env.py::test_every_destination_rejected_before_any_write[readonly-storage_rank]
FAILED tests/kaggriculture/test_native_env.py::test_every_destination_rejected_before_any_write[readonly-banks]
FAILED tests/kaggriculture/test_native_env.py::test_every_destination_rejected_before_any_write[readonly-shop_type]
FAILED tests/kaggriculture/test_native_env.py::test_every_destination_rejected_before_any_write[readonly-shop_slot]
FAILED tests/kaggriculture/test_native_env.py::test_every_destination_rejected_before_any_write[readonly-shop_mask]
FAILED tests/kaggriculture/test_native_env.py::test_every_destination_rejected_before_any_write[readonly-market_product]
FAILED tests/kaggriculture/test_native_env.py::test_every_destination_rejected_before_any_write[readonly-market_float]
FAILED tests/kaggriculture/test_native_env.py::test_every_destination_rejected_before_any_write[readonly-market_int]
FAILED tests/kaggriculture/test_native_env.py::test_every_destination_rejected_before_any_write[readonly-global_features]
FAILED tests/kaggriculture/test_native_env.py::test_every_destination_rejected_before_any_write[readonly-globals_int]
FAILED tests/kaggriculture/test_native_env.py::test_every_destination_rejected_before_any_write[readonly-still_playing]
FAILED tests/kaggriculture/test_native_env.py::test_every_destination_rejected_before_any_write[readonly-order_limits]
FAILED tests/kaggriculture/test_native_env.py::test_every_destination_rejected_before_any_write[readonly-can_act]
FAILED tests/kaggriculture/test_native_env.py::test_every_destination_rejected_before_any_write[readonly-rewards]
FAILED tests/kaggriculture/test_native_env.py::test_every_destination_rejected_before_any_write[readonly-dones]
FAILED tests/kaggriculture/test_native_env.py::test_every_destination_rejected_before_any_write[readonly-transition_banks_before]
FAILED tests/kaggriculture/test_native_env.py::test_every_destination_rejected_before_any_write[readonly-transition_banks_after]
FAILED tests/kaggriculture/test_native_env.py::test_every_destination_rejected_before_any_write[readonly-transition_econ_before]
FAILED tests/kaggriculture/test_native_env.py::test_every_destination_rejected_before_any_write[readonly-transition_econ_after]
FAILED tests/kaggriculture/test_native_env.py::test_every_destination_rejected_before_any_write[stride-tile_kind]
FAILED tests/kaggriculture/test_native_env.py::test_every_destination_rejected_before_any_write[stride-tile_crop]
FAILED tests/kaggriculture/test_native_env.py::test_every_destination_rejected_before_any_write[stride-tile_animal]
FAILED tests/kaggriculture/test_native_env.py::test_every_destination_rejected_before_any_write[stride-tile_cell]
FAILED tests/kaggriculture/test_native_env.py::test_every_destination_rejected_before_any_write[stride-tile_role]
FAILED tests/kaggriculture/test_native_env.py::test_every_destination_rejected_before_any_write[stride-tiles_int]
FAILED tests/kaggriculture/test_native_env.py::test_every_destination_rejected_before_any_write[stride-tiles_float]
FAILED tests/kaggriculture/test_native_env.py::test_every_destination_rejected_before_any_write[stride-actor_slot]
FAILED tests/kaggriculture/test_native_env.py::test_every_destination_rejected_before_any_write[stride-actor_cell]
FAILED tests/kaggriculture/test_native_env.py::test_every_destination_rejected_before_any_write[stride-actor_role]
FAILED tests/kaggriculture/test_native_env.py::test_every_destination_rejected_before_any_write[stride-actor_mask]
FAILED tests/kaggriculture/test_native_env.py::test_every_destination_rejected_before_any_write[stride-actor_inventory]
FAILED tests/kaggriculture/test_native_env.py::test_every_destination_rejected_before_any_write[stride-actor_inventory_rank]
FAILED tests/kaggriculture/test_native_env.py::test_every_destination_rejected_before_any_write[stride-actors_float]
FAILED tests/kaggriculture/test_native_env.py::test_every_destination_rejected_before_any_write[stride-player_features]
FAILED tests/kaggriculture/test_native_env.py::test_every_destination_rejected_before_any_write[stride-storage_counts]
FAILED tests/kaggriculture/test_native_env.py::test_every_destination_rejected_before_any_write[stride-storage_rank]
FAILED tests/kaggriculture/test_native_env.py::test_every_destination_rejected_before_any_write[stride-banks]
FAILED tests/kaggriculture/test_native_env.py::test_every_destination_rejected_before_any_write[stride-shop_type]
FAILED tests/kaggriculture/test_native_env.py::test_every_destination_rejected_before_any_write[stride-shop_slot]
FAILED tests/kaggriculture/test_native_env.py::test_every_destination_rejected_before_any_write[stride-shop_mask]
FAILED tests/kaggriculture/test_native_env.py::test_every_destination_rejected_before_any_write[stride-market_product]
FAILED tests/kaggriculture/test_native_env.py::test_every_destination_rejected_before_any_write[stride-market_float]
FAILED tests/kaggriculture/test_native_env.py::test_every_destination_rejected_before_any_write[stride-market_int]
FAILED tests/kaggriculture/test_native_env.py::test_every_destination_rejected_before_any_write[stride-global_features]
FAILED tests/kaggriculture/test_native_env.py::test_every_destination_rejected_before_any_write[stride-globals_int]
FAILED tests/kaggriculture/test_native_env.py::test_every_destination_rejected_before_any_write[stride-still_playing]
FAILED tests/kaggriculture/test_native_env.py::test_every_destination_rejected_before_any_write[stride-order_limits]
FAILED tests/kaggriculture/test_native_env.py::test_every_destination_rejected_before_any_write[stride-can_act]
FAILED tests/kaggriculture/test_native_env.py::test_every_destination_rejected_before_any_write[stride-rewards]
FAILED tests/kaggriculture/test_native_env.py::test_every_destination_rejected_before_any_write[stride-dones]
FAILED tests/kaggriculture/test_native_env.py::test_every_destination_rejected_before_any_write[stride-transition_banks_before]
FAILED tests/kaggriculture/test_native_env.py::test_every_destination_rejected_before_any_write[stride-transition_banks_after]
FAILED tests/kaggriculture/test_native_env.py::test_every_destination_rejected_before_any_write[stride-transition_econ_before]
FAILED tests/kaggriculture/test_native_env.py::test_every_destination_rejected_before_any_write[stride-transition_econ_after]
FAILED tests/kaggriculture/test_native_env.py::test_every_destination_rejected_before_any_write[fortran-tile_kind]
FAILED tests/kaggriculture/test_native_env.py::test_every_destination_rejected_before_any_write[fortran-tile_crop]
FAILED tests/kaggriculture/test_native_env.py::test_every_destination_rejected_before_any_write[fortran-tile_animal]
FAILED tests/kaggriculture/test_native_env.py::test_every_destination_rejected_before_any_write[fortran-tile_cell]
FAILED tests/kaggriculture/test_native_env.py::test_every_destination_rejected_before_any_write[fortran-tile_role]
FAILED tests/kaggriculture/test_native_env.py::test_every_destination_rejected_before_any_write[fortran-tiles_int]
FAILED tests/kaggriculture/test_native_env.py::test_every_destination_rejected_before_any_write[fortran-tiles_float]
FAILED tests/kaggriculture/test_native_env.py::test_every_destination_rejected_before_any_write[fortran-actor_slot]
FAILED tests/kaggriculture/test_native_env.py::test_every_destination_rejected_before_any_write[fortran-actor_cell]
FAILED tests/kaggriculture/test_native_env.py::test_every_destination_rejected_before_any_write[fortran-actor_role]
FAILED tests/kaggriculture/test_native_env.py::test_every_destination_rejected_before_any_write[fortran-actor_mask]
FAILED tests/kaggriculture/test_native_env.py::test_every_destination_rejected_before_any_write[fortran-actor_inventory]
FAILED tests/kaggriculture/test_native_env.py::test_every_destination_rejected_before_any_write[fortran-actor_inventory_rank]
FAILED tests/kaggriculture/test_native_env.py::test_every_destination_rejected_before_any_write[fortran-actors_float]
FAILED tests/kaggriculture/test_native_env.py::test_every_destination_rejected_before_any_write[fortran-player_features]
FAILED tests/kaggriculture/test_native_env.py::test_every_destination_rejected_before_any_write[fortran-storage_counts]
FAILED tests/kaggriculture/test_native_env.py::test_every_destination_rejected_before_any_write[fortran-storage_rank]
FAILED tests/kaggriculture/test_native_env.py::test_every_destination_rejected_before_any_write[fortran-banks]
FAILED tests/kaggriculture/test_native_env.py::test_every_destination_rejected_before_any_write[fortran-shop_type]
FAILED tests/kaggriculture/test_native_env.py::test_every_destination_rejected_before_any_write[fortran-shop_slot]
FAILED tests/kaggriculture/test_native_env.py::test_every_destination_rejected_before_any_write[fortran-shop_mask]
FAILED tests/kaggriculture/test_native_env.py::test_every_destination_rejected_before_any_write[fortran-market_product]
FAILED tests/kaggriculture/test_native_env.py::test_every_destination_rejected_before_any_write[fortran-market_float]
FAILED tests/kaggriculture/test_native_env.py::test_every_destination_rejected_before_any_write[fortran-market_int]
FAILED tests/kaggriculture/test_native_env.py::test_every_destination_rejected_before_any_write[fortran-global_features]
FAILED tests/kaggriculture/test_native_env.py::test_every_destination_rejected_before_any_write[fortran-globals_int]
FAILED tests/kaggriculture/test_native_env.py::test_every_destination_rejected_before_any_write[fortran-still_playing]
FAILED tests/kaggriculture/test_native_env.py::test_every_destination_rejected_before_any_write[fortran-order_limits]
FAILED tests/kaggriculture/test_native_env.py::test_every_destination_rejected_before_any_write[fortran-can_act]
FAILED tests/kaggriculture/test_native_env.py::test_every_destination_rejected_before_any_write[fortran-rewards]
FAILED tests/kaggriculture/test_native_env.py::test_every_destination_rejected_before_any_write[fortran-dones]
FAILED tests/kaggriculture/test_native_env.py::test_every_destination_rejected_before_any_write[fortran-transition_banks_before]
FAILED tests/kaggriculture/test_native_env.py::test_every_destination_rejected_before_any_write[fortran-transition_banks_after]
FAILED tests/kaggriculture/test_native_env.py::test_every_destination_rejected_before_any_write[fortran-transition_econ_before]
FAILED tests/kaggriculture/test_native_env.py::test_every_destination_rejected_before_any_write[fortran-transition_econ_after]
FAILED tests/kaggriculture/test_native_env.py::test_every_destination_rejected_before_any_write[unaligned-tile_kind]
FAILED tests/kaggriculture/test_native_env.py::test_every_destination_rejected_before_any_write[unaligned-tile_crop]
FAILED tests/kaggriculture/test_native_env.py::test_every_destination_rejected_before_any_write[unaligned-tile_animal]
FAILED tests/kaggriculture/test_native_env.py::test_every_destination_rejected_before_any_write[unaligned-tile_cell]
FAILED tests/kaggriculture/test_native_env.py::test_every_destination_rejected_before_any_write[unaligned-tile_role]
FAILED tests/kaggriculture/test_native_env.py::test_every_destination_rejected_before_any_write[unaligned-tiles_int]
FAILED tests/kaggriculture/test_native_env.py::test_every_destination_rejected_before_any_write[unaligned-tiles_float]
FAILED tests/kaggriculture/test_native_env.py::test_every_destination_rejected_before_any_write[unaligned-actor_slot]
FAILED tests/kaggriculture/test_native_env.py::test_every_destination_rejected_before_any_write[unaligned-actor_cell]
FAILED tests/kaggriculture/test_native_env.py::test_every_destination_rejected_before_any_write[unaligned-actor_role]
FAILED tests/kaggriculture/test_native_env.py::test_every_destination_rejected_before_any_write[unaligned-actor_mask]
FAILED tests/kaggriculture/test_native_env.py::test_every_destination_rejected_before_any_write[unaligned-actor_inventory]
FAILED tests/kaggriculture/test_native_env.py::test_every_destination_rejected_before_any_write[unaligned-actor_inventory_rank]
FAILED tests/kaggriculture/test_native_env.py::test_every_destination_rejected_before_any_write[unaligned-actors_float]
FAILED tests/kaggriculture/test_native_env.py::test_every_destination_rejected_before_any_write[unaligned-player_features]
FAILED tests/kaggriculture/test_native_env.py::test_every_destination_rejected_before_any_write[unaligned-storage_counts]
FAILED tests/kaggriculture/test_native_env.py::test_every_destination_rejected_before_any_write[unaligned-storage_rank]
FAILED tests/kaggriculture/test_native_env.py::test_every_destination_rejected_before_any_write[unaligned-banks]
FAILED tests/kaggriculture/test_native_env.py::test_every_destination_rejected_before_any_write[unaligned-shop_type]
FAILED tests/kaggriculture/test_native_env.py::test_every_destination_rejected_before_any_write[unaligned-shop_slot]
FAILED tests/kaggriculture/test_native_env.py::test_every_destination_rejected_before_any_write[unaligned-shop_mask]
FAILED tests/kaggriculture/test_native_env.py::test_every_destination_rejected_before_any_write[unaligned-market_product]
FAILED tests/kaggriculture/test_native_env.py::test_every_destination_rejected_before_any_write[unaligned-market_float]
FAILED tests/kaggriculture/test_native_env.py::test_every_destination_rejected_before_any_write[unaligned-market_int]
FAILED tests/kaggriculture/test_native_env.py::test_every_destination_rejected_before_any_write[unaligned-global_features]
FAILED tests/kaggriculture/test_native_env.py::test_every_destination_rejected_before_any_write[unaligned-globals_int]
FAILED tests/kaggriculture/test_native_env.py::test_every_destination_rejected_before_any_write[unaligned-still_playing]
FAILED tests/kaggriculture/test_native_env.py::test_every_destination_rejected_before_any_write[unaligned-order_limits]
FAILED tests/kaggriculture/test_native_env.py::test_every_destination_rejected_before_any_write[unaligned-can_act]
FAILED tests/kaggriculture/test_native_env.py::test_every_destination_rejected_before_any_write[unaligned-rewards]
FAILED tests/kaggriculture/test_native_env.py::test_every_destination_rejected_before_any_write[unaligned-dones]
FAILED tests/kaggriculture/test_native_env.py::test_every_destination_rejected_before_any_write[unaligned-transition_banks_before]
FAILED tests/kaggriculture/test_native_env.py::test_every_destination_rejected_before_any_write[unaligned-transition_banks_after]
FAILED tests/kaggriculture/test_native_env.py::test_every_destination_rejected_before_any_write[unaligned-transition_econ_before]
FAILED tests/kaggriculture/test_native_env.py::test_every_destination_rejected_before_any_write[unaligned-transition_econ_after]
FAILED tests/kaggriculture/test_native_env.py::test_every_destination_rejected_before_any_write[overlap-tile_kind]
FAILED tests/kaggriculture/test_native_env.py::test_every_destination_rejected_before_any_write[overlap-tile_crop]
FAILED tests/kaggriculture/test_native_env.py::test_every_destination_rejected_before_any_write[overlap-tile_animal]
FAILED tests/kaggriculture/test_native_env.py::test_every_destination_rejected_before_any_write[overlap-tile_cell]
FAILED tests/kaggriculture/test_native_env.py::test_every_destination_rejected_before_any_write[overlap-tile_role]
FAILED tests/kaggriculture/test_native_env.py::test_every_destination_rejected_before_any_write[overlap-tiles_int]
FAILED tests/kaggriculture/test_native_env.py::test_every_destination_rejected_before_any_write[overlap-tiles_float]
FAILED tests/kaggriculture/test_native_env.py::test_every_destination_rejected_before_any_write[overlap-actor_slot]
FAILED tests/kaggriculture/test_native_env.py::test_every_destination_rejected_before_any_write[overlap-actor_cell]
FAILED tests/kaggriculture/test_native_env.py::test_every_destination_rejected_before_any_write[overlap-actor_role]
FAILED tests/kaggriculture/test_native_env.py::test_every_destination_rejected_before_any_write[overlap-actor_mask]
FAILED tests/kaggriculture/test_native_env.py::test_every_destination_rejected_before_any_write[overlap-actor_inventory]
FAILED tests/kaggriculture/test_native_env.py::test_every_destination_rejected_before_any_write[overlap-actor_inventory_rank]
FAILED tests/kaggriculture/test_native_env.py::test_every_destination_rejected_before_any_write[overlap-actors_float]
FAILED tests/kaggriculture/test_native_env.py::test_every_destination_rejected_before_any_write[overlap-player_features]
FAILED tests/kaggriculture/test_native_env.py::test_every_destination_rejected_before_any_write[overlap-storage_counts]
FAILED tests/kaggriculture/test_native_env.py::test_every_destination_rejected_before_any_write[overlap-storage_rank]
FAILED tests/kaggriculture/test_native_env.py::test_every_destination_rejected_before_any_write[overlap-banks]
FAILED tests/kaggriculture/test_native_env.py::test_every_destination_rejected_before_any_write[overlap-shop_type]
FAILED tests/kaggriculture/test_native_env.py::test_every_destination_rejected_before_any_write[overlap-shop_slot]
FAILED tests/kaggriculture/test_native_env.py::test_every_destination_rejected_before_any_write[overlap-shop_mask]
FAILED tests/kaggriculture/test_native_env.py::test_every_destination_rejected_before_any_write[overlap-market_product]
FAILED tests/kaggriculture/test_native_env.py::test_every_destination_rejected_before_any_write[overlap-market_float]
FAILED tests/kaggriculture/test_native_env.py::test_every_destination_rejected_before_any_write[overlap-market_int]
FAILED tests/kaggriculture/test_native_env.py::test_every_destination_rejected_before_any_write[overlap-global_features]
FAILED tests/kaggriculture/test_native_env.py::test_every_destination_rejected_before_any_write[overlap-globals_int]
FAILED tests/kaggriculture/test_native_env.py::test_every_destination_rejected_before_any_write[overlap-still_playing]
FAILED tests/kaggriculture/test_native_env.py::test_every_destination_rejected_before_any_write[overlap-order_limits]
FAILED tests/kaggriculture/test_native_env.py::test_every_destination_rejected_before_any_write[overlap-can_act]
FAILED tests/kaggriculture/test_native_env.py::test_every_destination_rejected_before_any_write[overlap-rewards]
FAILED tests/kaggriculture/test_native_env.py::test_every_destination_rejected_before_any_write[overlap-dones]
FAILED tests/kaggriculture/test_native_env.py::test_every_destination_rejected_before_any_write[overlap-transition_banks_before]
FAILED tests/kaggriculture/test_native_env.py::test_every_destination_rejected_before_any_write[overlap-transition_banks_after]
FAILED tests/kaggriculture/test_native_env.py::test_every_destination_rejected_before_any_write[overlap-transition_econ_before]
FAILED tests/kaggriculture/test_native_env.py::test_every_destination_rejected_before_any_write[overlap-transition_econ_after]
246 failed, 19 deselected in 0.58s
